1,札幌医科大学附属病院,58,15.28,29,19.66,45 ,15.1,60,21.4,52,14.1,62,23.9
2,北海道大学病院,50,10.4,36,12.44,39 ,18.3,62,9.0,60,11.5,54,18.6
3,旭川医科大学病院,73,16.15,107,13.92,95 ,14.7,116,18.5,138,18.2,150,19.1
4,岩手医科大学附属病院,277,19.49,273,18.78,275 ,21.9,370,23.0,378,23,322,20.4
5,東北大学病院,85,21.11,88,17.85,117 ,19.7,102,18.3,90,22.6,136,25.1
6,秋田大学医学部附属病院,49,20.53,53,20.92,41 ,32.4,66,19.1,52,23.9,82,19.4
7,国立大学法人山形大学医学部附属病院,87,20.16,100,18.08,107 ,17.7,80,20.5,88,21.9,78,20.8
8,公立大学法人福島県立医科大学附属病院,68,22.46,78,25.31,76 ,25,88,21.8,116,20.3,84,24.9
9,筑波大学附属病院,65,18.05,55,21.87,64 ,19.1,68,13.8,80,12.7,94,14.4
10,自治医科大学附属病院,284,18.52,325,18.25,341 ,18.3,298,16.7,346,17.8,308,16.6
11,獨協医科大学病院,309,21.25,270,24.3,304 ,25.1,348,19.6,390,19.6,460,20.4
12,国立大学法人群馬大学医学部附属病院,71,17.39,59,19.83,48 ,17.3,72,17.3,58,16.7,58,23
13,埼玉医科大学病院,150,24.11,184,26.18,195 ,25.5,176,28.1,208,21.5,290,21
14,防衛医科大学校病院,140,12.46,90,12.54,84 ,15.5,104,11.9,108,16.9,114,14.9
15,千葉大学医学部附属病院,59,15.73,57,16.23,47 ,18.5,40,17.4,46,13.3,42,17.7
16,東京慈恵会医科大学附属病院,219,13.52,171,16.14,176 ,16,264,13.8,216,12.4,198,14.5
17,東京医科大学病院,135,19.62,162,15.69,151 ,17.4,172,15.6,222,16.3,264,16.3
18,東京女子医科大学病院,161,22.37,179,18.67,177 ,22.1,184,16.4,164,14.4,200,13.2
19,慶應義塾大学病院,174,21.08,189,19.03,235 ,19.7,208,19.3,256,19.9,284,17.7
20,日本医科大学付属病院,255,17.71,372,18.61,355 ,18,408,22.5,360,16.6,266,20.9
21,順天堂大学医学部附属順天堂医院,198,19.03,231,19.02,208 ,16.8,194,20.3,228,22.2,246,16.7
22,昭和大学病院,104,3.18,112,3.16,23 ,16.6,22,18.2,34,6.6,54,15.6
23,東邦大学医療センター大森病院,221,15.65,225,13.88,220 ,17.4,334,16.5,354,15.3,302,15.5
24,日本大学医学部附属板橋病院,252,14.88,252,13.4,324 ,16.7,336,14.7,336,16.5,304,17.6
25,帝京大学医学部附属病院,305,15.72,301,16.65,272 ,19.3,328,17.5,368,19.4,298,25.6
26,杏林大学医学部付属病院,320,24.44,293,28.08,324 ,24.1,308,25.1,360,20.5,430,23.3
27,東京医科歯科大学医学部附属病院,99,11.04,118,16.14,105 ,21.8,152,15.4,234,16.8,188,15.7
28,東京大学医学部附属病院,106,17.72,99,16.62,132 ,18.7,158,18.0,182,16.6,154,17.8
29,公立大学法人　横浜市立大学附属病院,111,15.2,86,17.05,96 ,12.8,110,17.0,84,16,96,20.7
30,北里大学病院,120,23.68,127,26.52,143 ,28.3,198,18.0,192,20.4,154,22.2
31,東海大学医学部付属病院,234,19.65,292,18.5,311 ,20.8,340,18.7,410,18.8,328,19.3
32,聖マリアンナ医科大学病院,201,15.12,234,17.99,251 ,18.7,370,17.5,406,18.3,356,19.9
33,新潟大学医歯学総合病院,67,19.78,81,16.2,111 ,19.8,94,17.8,84,14.2,118,19.8
34,国立大学法人富山大学附属病院,45,13.6,59,21.17,80 ,19,60,20.0,102,19.9,146,15.7
35,金沢医科大学病院,103,26.11,120,28.67,133 ,25.9,136,23.1,182,25.5,180,22.2
36,福井大学医学部附属病院,146,17.4,145,18.74,196 ,17.2,202,15.2,166,17.4,194,19.2
37,山梨大学医学部附属病院,66,18.94,63,16.16,65 ,21,74,15.6,54,19.3,98,13.9
38,国立大学法人　信州大学医学部附属病院,63,11.76,69,10.55,83 ,14.5,100,14.9,78,13.2,108,11.4
39,浜松医科大学医学部附属病院,98,16.37,81,15.14,104 ,19.5,94,17.9,116,14.6,102,16.7
40,名古屋市立大学病院,214,16.62,198,17.35,204 ,17.4,208,16.0,250,13.6,214,16.2
41,藤田保健衛生大学病院,341,23.02,365,23.3,360 ,23.2,506,25.9,446,18.1,492,21.5
42,愛知医科大学病院,273,20.6,269,20.58,280 ,20.5,278,18.0,260,21.9,284,19.4
43,名古屋大学医学部附属病院,102,18.82,107,17.1,111 ,21.5,146,15.0,108,18,146,16
44,国立大学法人三重大学医学部附属病院,73,14.63,59,13.98,67 ,13.9,112,13.7,130,10.8,122,10.1
45,滋賀医科大学医学部附属病院,57,16.6,61,18.66,45 ,18,82,17.3,68,15.4,84,16.1
46,京都府立医科大学附属病院,114,15.03,140,13.72,140 ,17.4,104,18.7,98,16,114,15.4
47,京都大学医学部附属病院,191,14.21,191,14.35,155 ,13.3,240,14.6,200,14.5,166,18.8
48,大阪医科大学附属病院,96,19.11,82,22.72,96 ,23.8,120,18.5,128,16.3,146,16.9
49,大阪市立大学医学部附属病院,32,12.84,30,14,28 ,19,52,16.5,60,16,46,21.3
50,関西医科大学附属枚方病院,81,17.64,91,19.36,96 ,16.7,168,14.2,112,15.4,134,18.1
51,近畿大学医学部附属病院,122,15.34,99,18.12,93 ,16.9,118,16.3,158,17.1,128,17.4
52,大阪大学医学部附属病院,102,15.87,125,15.36,124 ,14.4,158,15.2,166,15.7,150,14.7
53,兵庫医科大学病院,90,18.26,86,18.49,85 ,20.4,136,16.7,122,15.7,154,18.2
54,神戸大学医学部附属病院,71,13.46,92,20.2,108 ,19.6,146,18.3,134,18.7,134,15
55,奈良県立医科大学附属病院,61,18.48,66,19.06,101 ,21.2,126,16.9,114,17.1,152,16.3
56,和歌山県立医科大学附属病院,248,14.03,218,13.69,232 ,16.7,312,14.3,280,13.6,280,13.5
57,鳥取大学医学部附属病院,189,20.22,156,19.72,188 ,21.9,168,18.8,178,19.6,170,19.5
58,島根大学医学部附属病院,147,16.05,177,18.66,167 ,19.7,180,17.6,152,21.2,178,21.4
59,川崎医科大学附属病院,401,17.77,394,18.32,507 ,20.6,586,19.6,592,19.7,532,19.1
60,岡山大学病院,49,10.67,69,9.94,71 ,9.5,120,9.8,114,10.9,136,8.4
61,広島大学病院,88,15.17,81,14.15,108 ,18.8,68,16.6,98,18.6,90,16
62,山口大学医学部附属病院,81,10,91,9.27,99 ,11.4,116,11.4,100,9.6,116,11.2
63,徳島大学病院,130,10.9,170,11.06,175 ,11.6,192,12.2,156,10.5,182,12.7
64,香川大学医学部附属病院,47,17.26,61,12.97,51 ,13.2,78,8.8,86,13.8,98,17.7
65,愛媛大学医学部附属病院,47,19.09,56,16.52,60 ,15,160,9.2,154,10.9,186,8.7
66,高知大学医学部附属病院,47,16.3,62,19.9,64 ,19,72,21.6,72,20.8,96,22.7
67,福岡大学病院,326,7.92,268,8.25,203 ,10.1,250,12.1,168,16,134,17.4
68,久留米大学病院,68,14.96,82,17.24,100 ,18.9,86,18.3,112,19,94,22.9
69,産業医科大学病院,187,19.14,190,19.69,181 ,22.3,170,19.2,170,20.5,134,20
70,九州大学病院,91,17.49,107,16.9,112 ,18.6,128,16.9,158,16.9,134,14
71,佐賀大学医学部附属病院,176,14.1,197,14.08,165 ,15.3,138,16.2,148,17.6,164,17.2
72,熊本大学医学部附属病院,49,15.47,28,19.43,56 ,16.1,68,12.1,84,17.1,82,13.1
73,大分大学医学部附属病院,56,19.14,71,21.55,69 ,18.7,68,18.1,84,14.3,94,11.4
74,宮崎大学医学部附属病院,72,11.92,37,11.54,41 ,13.8,62,8.9,58,15.8,46,9
75,琉球大学医学部附属病院,50,26.98,38,28.95,37 ,34.1,64,22.0,94,16.3,118,12.5
76,市立函館病院,149,17.16,136,20.57,211 ,21.5,182,21.2,164,16.2,134,23
77,八戸市立市民病院,398,14.94,421,13.13,408 ,14.5,446,14.6,378,18.2,292,16.7
78,岩手県立中央病院,380,19.83,388,22.52,379 ,22.2,380,19.9,398,18.5,480,16.3
79,山形県立中央病院,245,22.24,212,22.28,255 ,22.4,300,20.9,364,21.4,268,22.3
80,総合病院土浦協同病院,273,21.63,251,21.15,237 ,20.2,256,18.5,286,20.9,284,24.8
81,茨城県立中央病院,186,22.37,214,18.16,239 ,20.6,236,22.8,198,20,232,22.7
82,筑波メディカルセンター病院,227,21.28,239,21.1,204 ,20,258,23.6,206,20.8,252,18.3
83,自治医科大学附属さいたま医療センター,231,11.32,224,9.43,224 ,10.2,250,10.8,264,10,210,8.1
84,さいたま赤十字病院,229,22.21,248,22.64,277 ,31.5,246,23.5,258,24.9,220,24
85,埼玉医科大学国際医療センター,374,24.11,356,24.57,329 ,25.4,476,19.7,496,17,378,14.1
86,日本医科大学千葉北総病院,248,16.9,238,17.97,248 ,18.9,340,15.2,378,13.8,388,14.4
87,虎の門病院,193,15.72,199,14.9,160 ,12.8,226,13.1,196,17.5,188,16.6
88,東京都済生会中央病院,222,17.39,270,15.47,256 ,21.9,312,13.4,320,16.2,384,11.8
89,日本赤十字社医療センター,166,17.63,203,16.62,181 ,18.3,200,19.1,232,17.7,254,19.4
90,東京医科大学八王子医療センター,132,20.35,148,19.41,191 ,24.8,250,17.4,264,20.4,186,25.3
91,公立昭和病院,434,17.54,376,19.6,344 ,18.7,368,15.9,360,20.2,324,18.1
92,国家公務員共済組合連合会　横須賀共済病院,259,21.22,227,19.54,253 ,22.6,392,12.9,318,14,284,15.8
93,聖マリアンナ医科大学横浜市西部病院,121,20.21,160,18.63,129 ,20,196,18.4,154,18.7,166,31.3
94,昭和大学藤が丘病院,163,13.06,137,13.69,64 ,18.5,26,17.7,128,22.4,120,19.5
95,新潟市民病院,266,17.48,318,17.87,345 ,17.5,396,13.8,314,16.7,308,13.5
96,新潟県厚生農業協同組合連合会　長岡中央綜合病院,287,21.33,277,20.05,309 ,23.1,274,22.1,324,20.1,254,25
97,長野市民病院,215,18.9,240,17.56,204 ,16.6,234,16.2,204,17,206,12.1
98,諏訪赤十字病院,183,18.48,264,16.86,240 ,20.8,258,17.9,256,15,234,19.2
99,岐阜県総合医療センター,275,17.99,270,18.73,281 ,21.1,262,20.1,280,16.5,274,18
100,大垣市民病院,375,25.38,356,24.78,432 ,26.2,420,24.0,380,22.4,438,23
101,静岡市立静岡病院,200,16.04,198,15.75,227 ,16.7,188,12.1,210,14.8,228,19.6
102,静岡県立総合病院,205,20.25,210,21.9,224 ,25.9,220,24.6,206,19.6,218,21.2
103,名古屋第一赤十字病院,290,18.65,289,20.01,328 ,20.6,404,23.0,370,20.4,430,19.5
104,名古屋第二赤十字病院,656,17.31,619,17.52,676 ,16,630,15.4,704,17.9,622,16.6
105,独立行政法人労働者健康福祉機構　中部労災病院,161,18.13,187,21.91,212 ,21.1,200,24.3,180,23.8,224,23.5
106,医療法人豊田会　刈谷豊田総合病院,319,15.86,327,18.21,303 ,17.2,358,17.0,338,20.9,334,21.4
107,小牧市民病院,352,16.55,335,15.87,381 ,15.3,456,13.3,392,14.9,296,15.3
108,愛知県厚生農業協同組合連合会　海南病院,205,21.49,173,20.62,157 ,19.9,262,15.6,240,11.8,254,13.8
109,市立四日市病院,373,19.36,369,17.59,340 ,21.2,432,18.5,494,17,500,17.4
110,京都第一赤十字病院,220,16.57,223,16.77,179 ,16.2,240,18.2,244,19,258,16
111,医療法人徳洲会　岸和田徳洲会病院,232,16.69,229,15.48,228 ,15.4,304,13.3,242,13,198,16.2
112,大阪警察病院,195,13.7,158,13.28,124 ,15.1,238,11.3,278,11.4,240,9.9
113,兵庫県立尼崎病院,249,17.72,320,19.2,229 ,21.5,226,21.4,236,18.5,180,17.6
114,公立豊岡病院組合立豊岡病院,235,28.78,306,29.66,275 ,25.4,348,24.1,324,26,210,26.7
115,近畿大学医学部奈良病院,62,15.63,60,17.43,79 ,22,98,14.0,74,22.3,74,15.1
116,広島市立広島市民病院,181,17.22,224,17.42,221 ,16.3,312,13.6,304,14.9,306,13.9
117,徳島赤十字病院,313,13.9,330,12.38,321 ,11.3,370,12.6,330,14.8,260,13.4
118,香川県立中央病院,145,18.08,180,18.47,152 ,18.2,226,19.7,230,22.6,222,19
119,高知赤十字病院,245,21.96,223,21.11,268 ,22.3,234,16.2,218,17,314,22.7
120,福岡和白病院,228,14.75,204,17.26,179 ,20.3,222,17.7,282,15.7,286,17.7
121,福岡県済生会福岡総合病院,312,12.52,284,12.94,335 ,14.1,370,13.4,358,13.2,334,11.2
122,九州厚生年金病院,182,17.36,162,14.73,187 ,18.4,218,15.0,244,12.7,252,13.5
123,済生会熊本病院,783,10.74,744,10.87,771 ,12.4,806,12.3,820,14,892,11.9
124,県立宮崎病院,86,20.24,88,18.65,96 ,16.5,108,21.4,136,14.7,106,21.3
125,市立札幌病院,71,22.9,82,24.41,115 ,23.3,124,20.3,76,15.9,66,15.1
126,医療法人　徳洲会　札幌東徳洲会病院,158,16.52,129,18.53,153 ,17,182,15.7,194,11.6,128,17.5
127,ＫＫＲ札幌医療センター,27,22.74,51,25.51,49 ,29.4,130,19.3,120,19.8,182,16.2
128,医療法人　柏葉脳神経外科病院,420,16.13,444,14.91,433 ,17.9,514,18.2,670,12.9,810,13.7
129,医療法人　渓和会　江別病院,220,17.85,208,17.86,231 ,19.7,256,18.6,244,17.4,334,13.4
130,市立千歳市民病院,66,19.11,46,24.74,43 ,20.8,60,19.2,56,24.6,52,19.5
131,医療法人　北晨会　恵み野病院,105,23.15,97,25.22,95 ,31.3,118,26.1,106,28.6,122,28.8
132,共愛会病院,16,14.31,27,15.85,29 ,16.9,28,16.8,22,16.3,38,11.9
133,函館市医師会病院,33,14.21,18,27.78,36 ,18.8,22,24.8,40,18.1,52,27.3
134,旭川赤十字病院,545,16.29,563,17.39,637 ,17.2,650,14.5,644,15.3,804,14.1
135,名寄市立総合病院,155,27.72,168,28.76,179 ,30.7,230,30.9,168,26.7,164,32.4
136,医療法人社団　平成醫塾　苫小牧東病院,66,12.56,65,10.8,67 ,7.2,64,6.6,50,7.6,48,10.9
137,王子総合病院,47,19.36,129,24.79,99 ,24.1,162,27.8,134,26.3,170,24
138,苫小牧市立病院,128,21.16,129,27.4,132 ,25.9,144,23.0,160,21.7,144,19.4
139,市立釧路総合病院,139,30.64,176,28.07,147 ,35.4,228,26.2,212,24.3,258,24
140,留萌市立病院,86,30.03,86,35.9,91 ,22.8,120,23.4,44,23.5,126,25.7
141,砂川市立病院,152,21.86,151,20.79,172 ,21.8,192,20.7,280,15,256,15.7
142,あおもり協立病院,81,20.57,93,18.74,83 ,19.9,46,15.5,84,14.5,78,13.8
143,八戸赤十字病院,266,17.58,232,16.02,232 ,16.9,258,19.3,294,16.4,212,17.6
144,十和田市立中央病院,203,23.49,244,23.73,289 ,20.1,222,21.1,174,32.6,180,21.5
145,盛岡赤十字病院,256,18.74,254,19.11,272 ,17.3,296,16.0,272,15.3,272,16.5
146,岩手県立大船渡病院,154,21.1,154,19.07,144 ,24.1,226,24.2,206,23.9,236,21.8
147,岩手県立久慈病院,123,25.01,144,25.7,144 ,30.8,174,26.7,124,29.9,214,25.4
148,岩手県立磐井病院,314,15.43,271,18.6,269 ,18.7,244,21.0,250,21,244,19.1
149,岩手県立二戸病院,145,28.24,142,29.82,151 ,27.6,216,23.6,194,26.7,182,28.1
150,岩手県立胆沢病院,342,18.1,302,16.69,297 ,22.5,264,18.8,300,16.1,278,19.3
151,石巻赤十字病院,206,17.32,213,18.23,255 ,18.1,224,19.8,242,13.1,188,17
152,公立刈田綜合病院,101,23.44,109,25.06,159 ,30.1,158,21.9,162,22,216,24.9
153,総合南東北病院,158,13.68,129,13.83,165 ,15.2,340,10.1,264,13.3,218,16.6
154,大崎市民病院,207,19.86,219,22.47,187 ,24.8,198,25.0,178,29.3,222,23.3
155,みやぎ県南中核病院,243,19.14,217,20.29,320 ,19.9,264,20.1,262,23.5,250,20.8
156,中嶋病院,50,18.38,75,17.04,77 ,22.7,116,24.5,58,15.5,80,21.4
157,仙台市立病院,196,23.15,166,22.81,163 ,24.6,226,15.8,274,17.6,176,18.9
158,宮城社会保険病院,17,12.18,21,25.33,32 ,15.3,22,8.5,38,21.4,26,20.6
159,仙台赤十字病院,31,34.35,36,29.06,28 ,24.6,28,37.4,34,27.8,32,44.8
160,独立行政法人国立病院機構仙台医療センター,244,19.54,221,18.51,316 ,19.6,354,15.5,314,17,376,14.5
161,市立秋田総合病院,57,28.96,84,21.76,79 ,23,56,21.8,78,23.7,72,22.5
162,秋田赤十字病院,216,18.64,201,19.23,212 ,22.8,228,22.6,182,29.5,192,21.9
163,秋田組合総合病院,188,32.95,199,36.46,208 ,40,232,32.1,230,34.3,220,36.8
164,山本組合総合病院,240,27.28,237,21.98,227 ,20.3,232,24.9,202,19.1,220,16.5
165,市立横手病院,56,25.09,50,20.06,61 ,22.1,64,23.1,60,26.6,94,37.1
166,平鹿総合病院,234,32.2,221,33.45,311 ,31.9,324,28.0,312,34.4,228,33.3
167,本荘第一病院,110,21.38,126,19.1,99 ,28.1,106,19.7,142,17.7,188,19.5
168,由利組合総合病院,228,30.65,258,25.27,317 ,29.3,324,26.4,304,23.1,288,23.2
169,雄勝中央病院,163,28.55,155,32.36,171 ,31.6,162,26.3,210,30.1,184,37
170,仙北組合総合病院,313,26.07,333,24.9,292 ,33.1,360,26.6,364,22.8,336,17.9
171,山形市立病院済生館,407,22.37,354,21.97,460 ,21.8,554,22.3,624,19.5,458,22.1
172,米沢市立病院,136,21.71,147,21.54,151 ,18.6,198,20.7,148,19.6,140,18.4
173,鶴岡市立荘内病院,364,19.35,408,18.53,420 ,19,494,16.5,522,17.3,526,16.3
174,山形県立河北病院,193,25.53,170,22.52,203 ,22.4,194,21.4,198,24.8,292,18
175,公立置賜総合病院,277,23.3,306,22.27,257 ,24.1,282,27.4,210,27.1,242,26.8
176,済生会福島総合病院,27,14.41,18,8.67,24 ,12.2,42,9.4,48,25.5,40,14.4
177,会津中央病院,210,16.4,263,18.83,244 ,20.1,376,13.5,404,20.3,442,19.1
178,公立岩瀬病院,61,32.39,74,25.78,49 ,27.4,44,38.8,48,24.2,60,27.1
179,社会保険二本松病院,49,15.39,62,17.4,83 ,20.1,86,22.3,86,21.4,60,28.1
180,北福島医療センター,45,23.24,78,20.18,67 ,25.4,100,23.9,114,30.5,110,34.3
181,公立藤田総合病院,117,20.03,98,23.42,113 ,21.9,162,20.8,166,19.1,150,21.2
182,水戸赤十字病院,91,19.03,107,20.67,108 ,24.9,86,25.8,126,21.8,220,23.6
183,友愛記念病院,110,17.41,109,18.28,109 ,14.9,154,16.1,108,19,114,22.1
184,北茨城市立総合病院,38,39.71,11,41.55,229 ,17,146,15.5,30,9.1,122,15.4
185,医療法人　つくばセントラル病院,57,24.74,40,19.9,44 ,22.4,30,18.2,34,24.5,46,26
186,なめがた地域総合病院,95,31.06,89,36.87,119 ,37.4,124,35.5,88,39.3,84,24.5
187,茨城西南医療センター病院,232,19.66,187,24.26,191 ,24.7,248,25.0,224,21.7,224,18.8
188,佐野厚生農業協同組合連合会　佐野厚生総合病院,141,19.49,117,19.99,155 ,23.3,202,21.0,182,23.2,210,20.1
189,上都賀厚生農業協同組合連合会　上都賀総合病院,95,20.32,87,18.16,129 ,23.9,98,15.1,68,17.4,110,18.8
190,学校法人獨協学園　獨協医科大学日光医療センター,35,20.06,42,23.17,31 ,13.5,44,20.9,60,20.7,26,23.8
191,日本赤十字社栃木県支部足利赤十字病院,167,19.56,176,20.52,284 ,21.6,226,20.9,302,24.7,344,19
192,国際医療福祉大学病院,89,21.08,111,22.3,81 ,18.6,88,24.4,54,26.7,94,32
193,前橋赤十字病院,280,18.86,261,19.7,279 ,20.5,314,18.5,308,17,318,17.9
194,伊勢崎市民病院,202,18.05,186,20.46,237 ,20.6,260,19.3,354,20.9,228,18.4
195,北関東循環器病院,33,19.52,40,21.68,52 ,18.3,68,14.1,62,19.7,42,17.2
196,黒沢病院,92,20.26,112,21.85,85 ,26.5,84,24.0,110,22.4,112,23.1
197,公立藤岡総合病院,199,21.84,240,20.81,215 ,20.3,274,19.2,260,20.2,214,22.6
198,公立富岡総合病院,236,16.25,227,18.15,239 ,16.2,260,14.9,284,15.7,236,15
199,西吾妻福祉病院,33,13.24,41,15.51,37 ,15.9,64,17.8,48,12.6,36,12.4
200,桐生厚生総合病院,227,21.92,214,22.7,227 ,19.3,234,16.2,276,18.6,204,15.7
201,館林厚生病院,249,12.92,227,13.79,229 ,14.7,278,14.3,304,14.4,320,13.3
202,埼玉社会保険病院,108,21.51,108,20.52,103 ,24.7,106,24.3,150,21,154,18.8
203,埼玉協同病院,116,14.66,123,16.38,137 ,16.1,186,14.8,176,21.4,160,17.7
204,川口市立医療センター,193,16.83,228,20.95,209 ,22.6,214,15.7,232,18.4,178,19.9
205,医療法人　武蔵野総合病院,259,14.98,211,20.16,173 ,19,220,18.4,220,16.9,234,22.2
206,秀和綜合病院,113,25.24,114,31.24,132 ,29.6,132,23.6,108,18.7,74,13.7
207,春日部市立病院,116,16.36,96,14.71,116 ,19,142,15.5,112,18.4,118,14.9
208,越谷市立病院,237,19.59,265,17.85,252 ,17.3,276,18.0,280,18.1,224,18.5
209,医療法人社団　朝霞台中央総合病院,301,11.51,279,13.04,312 ,15.4,266,17.8,246,16.1,220,21.3
210,埼玉県厚生農業協同組合連合会　熊谷総合病院,88,27.23,104,31.87,129 ,32.6,104,20.3,126,28.1,126,28.6
211,埼玉県立循環器・呼吸器病センター,148,24.32,123,26.24,129 ,28.4,148,21.6,146,25.6,174,22
212,医療法人　埼玉成恵会病院,16,16,27,23.41,33 ,19.7,58,15.1,42,15.4,40,19.7
213,深谷赤十字病院,213,27.94,222,24.73,255 ,24.7,280,20.3,266,22.8,200,23.9
214,医療法人　関越病院,137,22.24,129,24.22,112 ,26.2,160,19.8,162,23.4,152,26.6
215,さいたま市立病院,263,18.67,252,17.86,319 ,19.3,262,21.6,266,18.2,264,18.1
216,独立行政法人　労働者健康福祉機構　千葉労災病院,218,20.9,246,21.13,239 ,20.6,210,16.7,256,19.2,216,20.4
217,医療法人財団東京勤労者医療会　東葛病院,60,12.7,103,15.65,67 ,14,90,14.5,86,19,62,9.9
218,国保松戸市立病院,146,23.03,179,21.84,180 ,27.8,166,21.4,204,23.5,206,22.8
219,東京歯科大学市川総合病院,302,17.73,310,19.94,344 ,20.5,338,17.6,294,16.9,356,21.4
220,医療法人沖縄徳洲会千葉徳洲会病院,181,16.55,168,16.65,195 ,24,178,23.2,218,18.2,182,22.8
221,社会福祉法人　聖隷福祉事業団　聖隷佐倉市民病院,40,23.88,52,23.13,44 ,25.2,56,30.8,50,25.9,36,19.8
222,日本赤十字社　成田赤十字病院,307,21.89,303,21.06,245 ,20.6,336,22.0,398,20.6,278,24.2
223,医療法人沖縄徳洲会　四街道徳洲会病院,96,28.75,92,23.65,71 ,24.3,62,22.1,74,22.5,88,20
224,千葉県立佐原病院,130,22.09,101,18.3,107 ,20.9,72,17.7,60,16.4,48,10
225,社会福祉法人　三井記念病院,198,14.47,152,12.51,177 ,14,174,15.8,128,19.9,150,16.5
226,せんぽ東京高輪病院,121,18.4,115,14.27,99 ,20.9,128,18.4,102,22.6,80,21.3
227,国際医療福祉大学三田病院,47,25.55,72,25.06,89 ,25.1,80,25.2,78,28.4,72,30.3
228,東京厚生年金病院,154,19.32,170,18.61,192 ,20.9,162,17.1,166,18,118,14.1
229,社会保険中央総合病院,56,14.89,78,17.06,55 ,27.1,90,17.5,110,14.5,92,20
230,株式会社　日立製作所　小平記念　東京日立病院,29,12.72,42,20.26,23 ,12.6,34,18.6,52,17.8,48,19.9
231,東京都立駒込病院,64,17.17,72,15.85,44 ,13.2,56,25.4,70,17.3,82,16.7
232,東京都立墨東病院,312,18.29,331,18.39,367 ,19.3,388,17.4,316,16.9,260,21.2
233,城東社会保険病院,18,22.33,54,24.02,80 ,20.9,56,22.0,62,25.4,62,21.8
234,東芝病院,45,23.96,35,22.8,56 ,24.5,20,16.0,44,18.8,70,22.8
235,昭和大学病院附属東病院,225,19.38,252,18.39,235 ,19.5,218,19.6,202,24,222,19.1
236,国家公務員共済組合連合会　東京共済病院,96,23.63,121,28.5,111 ,26.6,130,22.8,122,30,130,24.9
237,東京労災病院,207,21.19,192,22.7,209 ,22.9,206,20.1,216,18.8,210,17.1
238,日本赤十字社東京都支部　大森赤十字病院,178,26.72,165,21.1,163 ,22.5,166,23.6,148,16.9,240,19.3
239,社会保険蒲田総合病院,80,24.75,112,23.1,124 ,21,108,33.9,120,28.3,124,24.7
240,東京都立広尾病院,117,21.8,116,23.35,121 ,22.4,140,23.1,114,24.3,158,23.9
241,東京医療生活協同組合中野総合病院,156,17.5,191,18.16,201 ,18.2,218,19.7,180,20.9,158,21.1
242,立正佼成会附属佼成病院,127,18.54,120,19.83,132 ,25.2,96,24.1,176,26.7,166,23.3
243,医療法人財団　荻窪病院,20,15.75,19,18.42,23 ,20.1,26,25.3,22,12.8,34,32.9
244,東京都立大塚病院,107,24.17,105,19.9,89 ,29.8,142,19.8,146,24.2,234,16.1
245,東京北社会保険病院,120,20.44,145,22.45,147 ,22.7,278,19.1,196,19.7,242,18.5
246,日本私立学校振興・共済事業団　東京臨海病院,143,20.41,153,19.56,167 ,22.9,172,23.6,116,26.9,124,18.6
247,青梅市立総合病院,191,17.54,209,18.14,267 ,20.2,182,16.7,212,16.9,204,18
248,東海大学八王子病院,263,19.86,295,22.08,308 ,22.3,276,24.1,250,19.3,270,25.5
249,国家公務員共済組合連合会　立川病院,61,20.84,54,20.19,63 ,18.3,62,20.1,76,10.6,60,14.9
250,町田市民病院,145,17.62,149,17.68,252 ,23.3,234,22.0,188,20,184,21.7
251,東京慈恵会医科大学附属第三病院,164,24.44,126,21.03,88 ,21.4,136,16.5,126,18.9,122,34
252,日本医科大学多摩永山病院,108,18.1,107,18.18,125 ,24.8,162,26.6,118,17.3,96,22.4
253,稲城市立病院,42,31.93,92,26.99,101 ,26.8,112,33.1,118,28.2,112,25.3
254,公立阿伎留医療センター,157,18.09,171,19.68,159 ,23.7,226,17.0,246,18.3,210,15.4
255,東京逓信病院,122,22.49,139,17.47,160 ,22.6,144,22.3,152,16.9,202,21.2
256,社会保険横浜中央病院,100,17.32,100,17.6,111 ,19.5,114,26.7,142,24.7,176,22.3
257,国家公務員共済組合連合会　横浜南共済病院,229,21.6,179,17.56,152 ,25.7,182,22.4,146,18.5,202,22.7
258,横須賀市立市民病院,60,18.15,73,18.47,76 ,16.2,168,17.0,202,23.1,194,21.9
259,横須賀市立うわまち病院,121,14.14,117,13.48,121 ,14.9,186,13.0,252,17.6,216,17.9
260,国家公務員共済組合連合会　平塚共済病院,242,17.87,222,18.55,279 ,20.5,304,19.9,314,18.4,322,16.5
261,平塚市民病院,155,26.88,150,23.72,140 ,23.3,160,20.0,180,23.9,120,20.3
262,藤沢市民病院,247,19.67,286,19.24,213 ,19.4,256,16.8,262,18,230,19.3
263,小田原市立病院,79,20.71,110,22.78,160 ,21.1,170,20.4,138,17.8,170,21.6
264,医療法人尽誠会　山近記念総合病院,83,27.64,115,25.17,101 ,22.5,152,16.3,128,23.2,138,20.3
265,神奈川県厚生農業協同組合連合会　相模原協同病院,127,22.89,115,24.1,131 ,24,186,22.7,228,19.7,268,18.5
266,社会保険相模野病院,44,15.11,37,17.46,36 ,12.5,36,19.8,26,21.5,28,18.4
267,津久井赤十字病院,69,15.62,84,14.76,89 ,15.7,94,22.3,76,23.1,70,18.7
268,秦野赤十字病院,199,18.76,205,22.63,217 ,23.4,184,18.3,208,17.3,212,16.8
269,厚木市立病院,152,19.57,145,22.1,119 ,22.3,110,23.1,104,17.2,116,20.2
270,湘南泉病院,201,13.39,197,8.83,195 ,11.1,198,9.7,142,9,160,11.5
271,社会福祉法人　親善福祉協会　国際親善総合病院,188,19.29,168,20.22,173 ,24.2,128,26.0,180,31.7,130,23
272,昭和大学横浜市北部病院,58,16.24,84,15.1,84 ,18.3,90,16.0,112,23,128,18.8
273,医療法人興生会　相模台病院,21,27.95,25,16.84,43 ,32.6,46,21.3,44,26.7,38,20.4
274,川崎市立川崎病院,284,21.23,280,23.36,296 ,24.3,266,26.2,230,29.4,188,27.6
275,日本鋼管病院,73,23.23,61,29.3,63 ,28.7,96,23.7,128,20.6,90,20
276,関東労災病院,123,25.33,128,26.39,116 ,19.4,190,21.3,276,16.8,276,17.2
277,日本医科大学武蔵小杉病院,61,22.48,69,24.72,113 ,31.2,112,26.2,132,30.8,160,21
278,帝京大学医学部附属溝口病院,129,23.65,162,23.37,100 ,23.9,98,23.7,142,31.5,144,29.1
279,川崎市立多摩病院,167,20.64,171,25.43,167 ,23.1,154,22.0,204,23,268,20.5
280,横浜市立市民病院,188,25.39,174,20.3,225 ,25.2,232,21.7,216,20.7,204,17.6
281,横浜市立みなと赤十字病院,219,23.67,225,22.04,212 ,22.8,214,22.8,222,22.5,208,17.5
282,済生会新潟第二病院,52,25.58,58,21.93,45 ,24.3,46,17.0,82,16,110,18.4
283,長岡赤十字病院,237,21.35,227,23.62,212 ,22.4,254,22.0,264,21,296,23.3
284,新潟県厚生農業協同組合連合会　上越総合病院,71,24.96,97,22.25,111 ,31.3,92,24.5,76,21.9,78,13.6
285,小千谷総合病院,72,33.15,86,28.83,84 ,35,72,27.3,76,17.1,84,16
286,新潟県立十日町病院,140,28.88,147,30.05,119 ,32.1,170,19.0,152,22.1,174,24.7
287,富山県立中央病院,149,20.56,150,20.96,163 ,22.8,180,18.5,168,21.4,198,22.8
288,富山赤十字病院,169,26.72,180,28.19,212 ,28.9,210,22.5,256,21,318,21.2
289,富山県済生会富山病院,369,22.02,392,21.94,388 ,21.8,532,20.0,452,18.9,434,16.4
290,八尾総合病院,61,26.74,81,26.99,63 ,33.6,92,21.7,74,24.8,58,14.8
291,富山県厚生農業協同組合連合会高岡病院,140,21.1,163,21.34,196 ,24.7,192,22.9,210,20.3,168,22.3
292,高岡市民病院,178,27.52,191,24.37,191 ,24.2,150,25.4,148,23.2,136,24.9
293,社会保険高岡病院,57,21.84,66,26.91,75 ,20.4,64,32.1,80,21.6,102,24.1
294,富山県済生会高岡病院,63,28.21,114,22.82,149 ,21,134,23.9,132,24.7,152,20.8
295,独立行政法人労働者健康福祉機構富山労災病院,227,19.1,223,17.92,239 ,17.9,256,15.9,126,21.4,160,16.2
296,黒部市民病院,144,20.22,185,20.58,164 ,25.5,232,19.0,208,24,152,23.4
297,市立砺波総合病院,210,17.89,172,14.92,213 ,16.4,218,19.3,176,15.4,238,14.3
298,射水市民病院,84,25.42,104,19.45,85 ,24.4,98,18.4,90,24.3,90,17.4
299,南砺市民病院,57,12.37,83,15.81,85 ,18.1,60,16.7,64,16,94,18.3
300,国家公務員共済組合連合会　北陸病院,58,26.24,43,19.16,57 ,18.7,80,18.6,48,21.9,72,17
301,金沢赤十字病院,68,17.85,69,17.03,59 ,15.7,50,17.4,72,18.9,58,16.9
302,石川県立中央病院,175,17.92,195,20.52,196 ,21.4,218,19.0,240,16.4,190,22.3
303,金沢社会保険病院,108,23.2,91,23.84,123 ,23.3,150,20.8,194,18.5,190,22.7
304,伊藤病院,34,22,27,22.15,17 ,17.2,46,13.0,22,12,38,18.4
305,公立能登総合病院,169,25.87,110,25.15,148 ,25.4,170,23.7,142,22,118,26.4
306,国民健康保険　小松市民病院,97,17.29,117,17.74,108 ,18.5,144,15.3,78,19.3,118,18.6
307,市立輪島病院,72,18.57,72,22.49,67 ,22.8,78,16.3,50,21.3,48,11.3
308,加賀市民病院,77,18.6,85,22.81,92 ,21.1,130,17.7,96,19.1,148,19
309,山中温泉医療センター,41,13.68,48,13.35,41 ,14.3,56,11.8,54,10.7,50,12.9
310,公立羽咋病院,40,20.98,63,20.4,100 ,22.5,92,23.3,86,16,74,23.1
311,公立松任石川中央病院,64,20.22,80,25.65,72 ,15.6,88,21.2,126,22.2,120,22
312,独立行政法人国立病院機構　金沢医療センター,155,25.94,148,22.01,155 ,26,202,22.6,150,22.6,222,20.8
313,福井県立病院,176,19.95,179,17.05,123 ,17.8,168,13.8,186,14.8,154,14.7
314,福井赤十字病院,287,20.39,266,16.33,345 ,17.8,330,16.0,272,13.2,258,12.6
315,福井県済生会病院,233,18.26,231,19,260 ,18.1,276,16.4,262,19.5,288,15
316,福井総合病院,198,14.21,234,14.09,204 ,16.6,178,13.1,148,16.7,144,18.1
317,福井社会保険病院,217,16.34,200,14.29,208 ,20.6,212,15.7,226,14.2,138,23.3
318,公立丹南病院,71,19.38,82,19.99,81 ,27,100,25.1,76,31,62,41
319,社会保険山梨病院,23,13.04,40,17.45,88 ,15.7,86,16.3,64,11.9,86,15
320,甲府共立病院,51,19.41,43,16.6,80 ,22,72,20.4,90,24.3,66,15
321,市立甲府病院,94,21.3,84,25.68,131 ,21.7,96,25.0,116,23.9,96,22
322,国民健康保険　富士吉田市立病院,98,19.7,103,19.86,107 ,19.6,136,18.3,98,14.5,92,16.3
323,山梨赤十字病院,74,17.04,71,19.59,85 ,20.9,112,19.1,146,16.1,104,18.4
324,長野赤十字病院,285,20.58,247,25.09,236 ,29.1,254,22.3,250,28.8,300,20.7
325,長野県厚生農業協同組合連合会　長野松代総合病院,237,28.13,242,24.48,355 ,20.6,350,21.0,446,20.4,356,27.4
326,市立岡谷病院,43,18.19,53,22.08,57 ,17.7,30,25.9,44,29.3,42,20.3
327,飯田市立病院,135,27.3,135,24.96,127 ,29.6,156,30.2,112,23.4,178,22.9
328,健和会病院,85,20.28,91,21.79,49 ,16.4,44,15.3,44,14.5,22,12.5
329,長野県立須坂病院,45,21.87,96,23.16,168 ,21,132,23.5,176,20.5,150,18.2
330,長野県厚生農業協同組合連合会　小諸厚生総合病院,143,19.92,162,16.1,185 ,18.6,148,18.1,198,19.1,188,18.1
331,昭和伊南総合病院,103,21.57,100,25.22,108 ,25.2,152,19.6,184,20.6,152,32.5
332,市立大町総合病院,61,20.21,79,15.01,81 ,16.2,72,12.9,54,20,128,23.2
333,飯山赤十字病院,43,17.33,56,16.3,80 ,22.9,66,16.2,86,16.7,120,13.1
334,長野県厚生農業協同組合連合会　佐久総合病院,228,24.93,221,20.49,236 ,22.3,268,22.5,310,18.1,356,16.9
335,佐久市立国保浅間総合病院,156,18.82,175,15.14,207 ,17.2,164,14.2,180,15.4,138,28.4
336,長野県厚生農業協同組合連合会　安曇総合病院,66,29.15,86,32.31,112 ,31.3,82,31.2,102,16.4,76,14.4
337,安曇野赤十字病院,195,19.23,182,17.8,164 ,21.8,188,17.0,222,13.7,228,15.9
338,岐阜赤十字病院,94,16.82,113,17.19,92 ,17,108,17.2,114,14.3,116,17.1
339,岐阜市民病院,163,14.75,189,17.21,185 ,18.1,184,15.3,214,20.3,174,16.5
340,岐阜県厚生農業協同組合連合会　中濃厚生病院,158,19.13,156,22.35,155 ,19.6,200,19.1,220,20.8,188,17.8
341,羽島市民病院,110,26.76,130,23.15,131 ,25,146,21.0,106,20.3,128,25.9
342,岐阜県厚生農業協同組合連合会　岐北厚生病院,53,22.87,86,17.71,76 ,21,60,22.3,96,18.6,94,20
343,岐阜県立多治見病院,210,20.72,205,18.19,235 ,19.9,260,18.9,266,18.2,252,18.7
344,市立恵那病院,64,10.73,40,9.38,44 ,12.6,62,15.1,44,12.6,78,14.1
345,土岐市立総合病院,118,18.69,157,19.33,147 ,17.7,190,15.5,166,20.9,194,16.6
346,岐阜県厚生農業協同組合連合会　西美濃厚生病院,61,13.79,56,18.93,57 ,14,68,21.0,92,30.7,70,30.2
347,岐阜県厚生農業協同組合連合会　揖斐厚生病院,136,17.77,117,18.88,120 ,16,142,20.4,162,20.5,176,25.1
348,岐阜県厚生農業協同組合連合会　久美愛厚生病院,101,19.04,138,21.51,119 ,22.9,164,17.8,144,21.5,180,25.1
349,岐阜社会保険病院,54,18.74,54,14.46,63 ,19.7,92,18.2,142,17.8,206,20.8
350,医療法人社団　熱海所記念病院,75,10.68,99,14.55,99 ,14.6,140,17.5,90,18.1,76,10
351,国際医療福祉大学熱海病院,40,20.93,82,25,85 ,25.5,80,21.1,58,23.8,68,23.1
352,沼津市立病院,110,23.91,104,24.78,99 ,21.1,96,18.9,112,26.8,144,20.6
353,富士宮市立病院,126,17.78,120,17.13,145 ,16.6,150,14.1,126,14.2,180,12.9
354,富士市立中央病院,165,20.52,163,17.61,143 ,20.6,180,19.1,174,26.1,242,20
355,共立蒲原総合病院,79,23.43,104,25.41,92 ,32.4,82,39.1,82,23.7,112,36.8
356,JA静岡厚生連　静岡厚生病院,39,18.87,24,26.42,36 ,37.9,24,20.3,66,36.6,60,24.6
357,静岡赤十字病院,281,16.75,296,19.06,332 ,17.9,392,18.3,340,15.8,382,18.1
358,静岡市立清水病院,176,18.57,197,22.98,179 ,26.1,150,26.9,178,29.5,188,23.8
359,静岡徳洲会病院,72,16.92,78,16.69,73 ,19.1,76,24.8,50,13.4,44,11.5
360,焼津市立総合病院,344,17.95,236,19.83,273 ,21.2,308,21.1,400,15.8,360,19.1
361,藤枝市立総合病院,150,26.28,224,24.4,257 ,31.4,324,30.2,212,27.4,262,21.8
362,市立島田市民病院,205,16.64,254,13.3,241 ,15.4,302,15.4,254,13.7,222,14.8
363,菊川市立総合病院,52,19.23,52,17.52,55 ,22.6,66,29.9,54,23.1,74,18.4
364,掛川市立総合病院,169,21.73,176,21.6,216 ,27.6,204,21.3,178,24.6,210,26.4
365,袋井市立袋井市民病院,81,16.56,64,18.11,71 ,19.8,100,20.4,150,18.3,132,16.8
366,磐田市立総合病院,220,16.34,255,17.44,247 ,18.6,232,18.0,224,17,190,17.9
367,医療法人衆済会　増子記念病院,29,34.62,19,26.37,36 ,34.1,34,21.3,32,23.8,34,21.6
368,名古屋セントラル病院,153,19.19,165,19.24,177 ,20.1,156,18.2,132,17.7,132,18.8
369,国家公務員共済組合連合会　名城病院,19,10.26,58,16.14,95 ,18.2,120,15.8,136,12.8,138,13.2
370,みなと医療生活協同組合　協立総合病院,189,19.25,220,21.98,277 ,21.7,296,20.3,254,19.4,238,22.5
371,名古屋掖済会病院,440,17.55,495,15.97,521 ,16,514,15.7,440,15.9,386,16.4
372,名古屋共立病院,125,20.42,16,12.69,99 ,11.4,134,8.6,118,10.4,160,11
373,社会保険中京病院,348,18.61,333,18.5,353 ,22.2,404,17.8,334,15.3,318,14.6
374,大同病院,135,16.84,139,18.04,113 ,18.3,94,16.8,138,22,116,19.1
375,豊橋市民病院,275,19.24,311,19.55,303 ,20.3,368,15.8,400,17.3,444,17.1
376,成田記念病院,62,29.42,65,29.83,52 ,39,50,24.1,82,21.5,88,15.3
377,岡崎市民病院,431,23.71,458,22.38,404 ,23.3,414,26.0,542,21,386,21.9
378,総合大雄会病院,161,19.48,172,17.06,168 ,15.4,200,15.4,208,17,230,17.7
379,一宮市立市民病院,310,17.91,297,18.65,320 ,20.2,314,19.7,316,17.5,294,17.6
380,公立陶生病院,369,17.07,356,16.2,437 ,15.5,380,12.3,372,13.1,484,18.5
381,半田市立半田病院,268,20.29,271,19.62,293 ,21.8,346,17.2,260,20.5,258,20.2
382,春日井市民病院,385,19.84,382,21.6,375 ,22.8,354,20.7,326,21.1,292,17.6
383,豊川市民病院,287,24.28,265,24.97,281 ,25.6,292,20.7,260,18.8,206,16.8
384,トヨタ記念病院,314,14.09,311,17.84,295 ,17.5,348,15.0,374,12.9,410,11.5
385,愛知県厚生農業協同組合連合会　安城更生病院,458,16.86,428,15.42,528 ,16.4,486,14.9,422,13.8,418,15.1
386,西尾市民病院,122,23.14,95,22.93,129 ,18,128,15.5,158,22.6,178,19.4
387,四日市社会保険病院,20,5.45,27,14.56,59 ,14.4,56,14.5,40,15.4,58,13.1
388,鈴鹿回生病院,172,18.09,182,16.95,196 ,22.7,222,24.0,188,16.3,210,20.9
389,松阪市民病院,79,18.32,51,16.14,84 ,16.3,88,21.3,106,23.3,76,16.8
390,市立伊勢総合病院,99,16.94,124,18.56,136 ,20.3,214,16.5,284,16.1,278,17.6
391,いなべ総合病院,93,28.06,82,21.63,83 ,23.1,142,24.8,118,20.1,134,24.6
392,紀南病院,110,23.5,128,19.73,113 ,21.7,128,20.6,124,29.9,136,23.9
393,独立行政法人国立病院機構三重中央医療センター,171,19.12,144,18.77,133 ,20,240,16.6,166,14.8,200,15.6
394,社会保険滋賀病院,89,27.58,94,19.51,116 ,21.3,78,20.4,92,21.9,84,37.5
395,大津赤十字病院,290,22.68,256,22.93,281 ,25.5,276,21.2,300,19.3,276,22.5
396,大津市民病院,111,16.81,158,21.2,169 ,21.2,122,19.6,176,15.2,138,23.1
397,彦根市立病院,187,24.65,140,22.88,147 ,28.2,170,19.5,160,27.3,128,24.3
398,長浜赤十字病院,145,23.9,145,20.21,149 ,25.5,144,25.3,168,25.1,192,17.3
399,市立長浜病院,149,16.81,144,14.56,132 ,20.8,150,15.6,146,19.8,150,17.6
400,近江八幡市立総合医療センター,117,20.77,108,17.84,148 ,19.6,140,20.6,122,20.3,130,17.5
401,医療法人徳洲会　近江草津徳洲会病院,33,26.58,31,20.23,36 ,27.2,48,40.0,22,44.7,24,18
402,滋賀県立成人病センター,94,21.03,109,21.08,101 ,17.7,136,17.8,108,11.1,148,29.8
403,公立甲賀病院,148,26.39,135,21.61,137 ,25.2,190,20.0,156,27.9,174,23.9
404,医療法人同仁会（社団）京都九条病院,111,18.12,138,17.34,144 ,18.7,168,21.3,178,29.5,118,21.6
405,医療法人徳洲会　宇治徳洲会病院,147,20.97,164,21.37,164 ,20.1,224,16.5,204,21.9,172,24.4
406,宇治武田病院,74,30.14,69,35.83,97 ,26.8,52,20.6,46,19.7,28,16.1
407,綾部市立病院,113,32.73,94,31.97,140 ,26.7,130,31.2,100,26.1,118,29.9
408,医療法人啓信会　京都きづ川病院,90,11.7,88,11.9,109 ,13.1,108,10.8,110,9.3,98,9.3
409,公立南丹病院,165,23.65,166,26.54,141 ,31.3,164,28.9,168,21.8,156,23.9
410,市立福知山市民病院,94,17.12,90,18.58,124 ,13.8,138,11.3,106,17.7,112,19.3
411,京都市立病院,214,17.91,176,22.64,131 ,19.2,214,22.3,192,22.1,220,18.1
412,京都第二赤十字病院,303,18.45,334,19.83,365 ,18.7,442,15.5,418,17.6,450,16.5
413,社会保険京都病院,59,21.15,64,21.66,77 ,27.3,88,26.0,108,21.7,150,17.2
414,国家公務員共済組合連合会　舞鶴共済病院,19,28.16,24,21.08,21 ,18,22,16.0,38,24.1,46,24.2
415,独立行政法人国立病院機構舞鶴医療センター,154,22.4,175,24.47,231 ,23.3,206,22.5,252,24.4,234,22.1
416,独立行政法人労働者健康福祉機構　大阪労災病院,199,15.81,194,14.67,229 ,14.1,270,16.3,310,12.7,256,16.9
417,近畿大学医学部堺病院,51,15.8,61,19.57,75 ,19.6,64,12.8,80,16.1,62,24.1
418,関西電力病院,130,16.36,137,17.04,155 ,21.3,174,20.2,112,18.5,78,15.5
419,医療法人一祐会　藤本病院,38,35.76,38,25.79,63 ,29.6,46,38.2,54,24.7,56,32.1
420,和泉市立病院,31,21.94,41,20.07,29 ,19.8,66,25.0,72,13.8,62,19.1
421,医療法人橘会　東住吉森本病院,139,17.35,179,21.88,272 ,21,218,23.8,200,18.9,34,12.4
422,高槻赤十字病院,48,14.92,38,15.55,19 ,14.5,22,23.0,34,18.1,52,24
423,医療法人大植会　葛城病院,62,12.94,84,14.56,96 ,13.8,80,12.2,50,9.5,66,10.4
424,市立吹田市民病院,93,17.88,104,16.83,104 ,21.6,104,16.3,114,21.9,134,18.2
425,大阪赤十字病院,181,21.48,156,19.81,173 ,24,206,22.1,188,19.7,168,22.1
426,医療法人錦秀会　阪和記念病院,125,16.78,94,18.09,80 ,14.7,116,10.3,118,14.2,116,15.1
427,大阪府立急性期・総合医療センター,147,13.8,157,10.88,132 ,12.9,176,13.2,194,14,234,11.9
428,医療法人育和会　育和会記念病院,80,14.4,59,20.27,75 ,20.7,102,19.6,90,23.2,90,14.8
429,大阪鉄道病院,10,18,14,12.29,36 ,19.4,46,18.5,48,19.1,44,29
430,淀川キリスト教病院,229,23.74,270,22.85,303 ,23.5,280,23.2,284,22.9,254,23.4
431,関西医科大学附属滝井病院,63,18.79,89,21.16,97 ,15.7,60,21.9,126,15,132,17.7
432,松下記念病院,111,19.52,117,17.1,69 ,17.4,100,13.0,126,14.5,86,12
433,医療法人行岡医学研究会　行岡病院,27,12.89,29,18.07,28 ,16.8,34,33.6,56,21.6,60,13.3
434,富田林病院,29,15.86,29,18.21,32 ,27.5,40,26.5,42,23.1,36,25.3
435,医療法人　宝生会　ＰＬ病院,34,28.09,40,19.98,51 ,18.7,90,22.8,76,23.8,74,24.9
436,医療法人徳洲会　八尾徳洲会総合病院,219,18.16,193,19.69,171 ,23.5,218,16.2,216,17.3,198,19.5
437,医療法人讃和会　友愛会病院,161,13.69,187,14.22,165 ,16.3,290,20.3,260,19.3,270,17.2
438,大阪厚生年金病院,223,18.92,188,20.54,217 ,23.2,214,24.5,200,20.6,176,20.7
439,国家公務員共済組合連合会　大手前病院,95,15.51,114,18.36,115 ,17.5,126,20.3,78,12.7,128,11.3
440,社会福祉法人恩賜財団大阪府済生会吹田病院,118,20.83,129,23.79,160 ,20.7,184,19.1,138,17.8,168,17.5
441,市立枚方市民病院,68,25.44,65,22.31,59 ,19.9,102,20.9,68,20.9,112,20.2
442,箕面市立病院,59,13.85,53,9.89,69 ,10.8,48,11.2,54,21.2,72,16.3
443,大阪市立総合医療センター,94,19.73,121,15.86,129 ,18.5,146,17.0,152,15.2,156,16.1
444,市立岸和田市民病院,179,20.41,143,21.34,173 ,20.4,192,18.6,152,16,162,16.1
445,市立堺病院,116,14.5,91,16.18,79 ,15.9,108,18.1,110,15.5,134,20.6
446,市立豊中病院,233,21.51,271,23,292 ,20.2,320,15.8,264,17.6,244,19.6
447,東大阪市立総合病院,154,15.49,174,19.14,149 ,20.8,190,18.2,170,17.2,166,16.3
448,八尾市立病院,75,14.41,55,19.11,37 ,18.1,42,22.3,94,14.2,32,41.1
449,三菱神戸病院,28,19.46,29,25,21 ,28.4,74,20.7,30,47.3,32,27.6
450,医療法人　川崎病院,73,15.67,88,14.8,73 ,15.1,58,14.9,80,13.5,66,14.7
451,神戸百年記念病院,21,19.67,24,14.25,33 ,15.5,28,12.1,30,29.2,38,16.9
452,神戸掖済会病院,133,17.64,98,15.06,71 ,18.8,54,19.4,50,21.1,72,23.1
453,医療法人　明和病院,32,15.13,27,16.11,31 ,13.2,26,9.7,30,9.5,42,10.4
454,医療法人回生会　宝塚病院,72,24.15,76,25.92,71 ,26.6,70,16.5,70,18.2,62,22.5
455,医療法人尚和会　宝塚第一病院,107,22.31,135,20.27,148 ,19.4,170,27.9,210,16,192,22.1
456,宝塚市立病院,121,21.03,94,25.9,97 ,26.3,74,25.5,90,26.8,86,25.9
457,三田市民病院,20,25.3,89,19.9,123 ,24.3,172,17.8,156,15.1,128,16.4
458,西脇市立西脇病院,412,17.3,439,15.46,460 ,17,542,12.7,396,12.1,420,15.7
459,市立小野市民病院,54,20.56,85,20.06,84 ,24.2,148,15.4,76,18.2,88,23.1
460,大西脳神経外科病院,434,15.41,509,15.33,433 ,19.2,682,15.3,760,13.4,748,11.4
461,高砂市民病院,75,19.75,86,20.45,116 ,23.7,118,21.7,78,18.8,110,22.7
462,三木市立三木市民病院,57,15.96,32,17.97,47 ,16.9,46,13.6,60,19.4,80,18.1
463,市立加西病院,148,23.06,116,23.08,125 ,17.5,92,19.2,70,19.3,102,18
464,市立川西病院,50,13.82,63,16.78,41 ,19.3,66,20.1,60,19.4,64,27.9
465,医療法人晋真会　ベリタス病院,135,17.21,167,16.63,200 ,17.8,168,15.1,118,15.8,126,14.2
466,公立学校共済組合近畿中央病院,48,18.04,62,22.95,41 ,25.8,80,16.6,86,22.6,78,20
467,市立伊丹病院,20,23.8,28,35.11,49 ,18.7,32,16.9,64,27.1,90,19.2
468,公立神崎総合病院,46,22.5,42,20.02,49 ,24.9,56,24.2,48,33.2,66,28
469,兵庫県立姫路循環器病センター,425,15.81,368,14.49,387 ,16.2,404,13.8,410,15.2,424,15.4
470,姫路赤十字病院,120,18.02,92,17,113 ,18.7,118,15.5,132,16.5,152,19.3
471,医療法人三栄会ツカザキ病院,286,19.57,282,22.94,293 ,21.2,294,19.0,244,18.5,210,18.2
472,赤穂市民病院,74,22.2,82,24.8,89 ,23.6,76,22.1,40,33,110,24.8
473,神戸赤十字病院,146,21.15,155,20.01,199 ,22.1,192,19.1,210,20.2,254,18
474,西神戸医療センター,108,16.16,106,17.54,109 ,15.3,128,13.8,100,11.8,96,17.7
475,明石市立市民病院,57,15.7,34,20.88,59 ,21,58,16.6,68,20.4,94,24.3
476,西宮市立中央病院,36,18.78,38,17.61,33 ,21.4,50,12.7,38,14.2,36,21
477,独立行政法人国立病院機構姫路医療センター,160,20.84,175,22.25,176 ,21.1,218,14.0,152,12.4,150,11
478,独立行政法人国立病院機構神戸医療センター,93,22.88,91,22.2,88 ,31.6,100,23.3,112,20,92,19.9
479,社会福祉法人恩賜財団済生会奈良病院,22,7.95,23,19.48,51 ,26.3,52,24.5,44,26.3,44,15.9
480,市立奈良病院,156,16.72,191,19.72,200 ,20.1,256,17.5,208,18.8,218,15.5
481,奈良社会保険病院,39,15.13,52,17.38,77 ,22.6,50,18.3,66,12,52,17.9
482,社会福祉法人恩賜財団済生会中和病院,149,16.25,128,19.09,91 ,25.4,118,21.6,150,21.5,162,17.3
483,国保中央病院,21,25,22,31.64,47 ,23.4,20,46.7,44,25.2,52,20.9
484,大和高田市立病院,97,18.07,105,18.56,127 ,21.2,126,18.9,98,17.2,128,20.9
485,社会福祉法人恩賜財団済生会御所病院,146,20.51,127,26.82,104 ,22.1,98,23.9,98,21.6,134,19
486,宇陀市立病院,29,41.38,52,25.88,69 ,33.5,56,22.0,68,17.8,70,27.9
487,奈良県立五條病院,35,20.77,43,19.63,56 ,21.1,66,24.2,46,16.3,30,19.9
488,奈良県立三室病院,126,20.6,141,21.6,157 ,18.7,162,19.7,146,19.5,84,17.4
489,奈良県立奈良病院,108,16.33,127,16.53,120 ,17.5,130,17.1,140,13.1,164,15.5
490,済生会和歌山病院,59,16.46,44,11.75,77 ,19.7,122,15.3,102,20.3,118,14.7
491,公立那賀病院,161,21.2,197,19.81,167 ,23.1,164,19.8,158,19.1,174,24.4
492,北出病院,24,14.5,28,13.43,24 ,12.3,26,13.3,32,18.2,60,10.9
493,国保日高総合病院,128,26.92,143,22.66,180 ,26.2,184,22.3,188,20.9,158,28.7
494,新宮市立医療センター,184,20.91,163,18.39,160 ,19.6,140,18.8,98,24.1,116,21.2
495,橋本市民病院,149,19.38,120,19.63,136 ,22.5,192,17.5,214,20.1,142,19.3
496,独立行政法人国立病院機構南和歌山医療センター,322,23.6,248,22.41,281 ,22.9,352,20.3,312,22.8,344,20.3
497,鳥取県立中央病院,166,23.14,217,22.01,185 ,23.4,204,19.8,222,24.8,186,21
498,鳥取市立病院,174,19.45,205,18.74,235 ,20.6,190,21.4,192,17.8,224,18.6
499,鳥取生協病院,106,19.07,85,19.45,108 ,16.2,112,17.8,112,14.2,92,19.4
500,医療法人同愛会　博愛病院,31,20.84,33,16.82,47 ,21.4,114,27.5,142,23.4,110,38.5
501,鳥取県立厚生病院,98,23.43,92,26.75,115 ,28.8,170,19.5,68,19.4,64,20.2
502,松江赤十字病院,248,21.17,278,19.26,297 ,20.1,260,22.4,254,22.3,244,17.1
503,松江市立病院,108,20.16,128,21.38,141 ,20.3,114,24.2,102,28.1,118,27.3
504,島根県立中央病院,327,20.8,304,19.15,309 ,22.1,294,22.9,294,23.9,358,26
505,益田赤十字病院,144,23.07,181,23.91,168 ,23.1,224,22.2,284,18.5,304,20.4
506,独立行政法人国立病院機構　浜田医療センター,118,18.42,142,17.28,176 ,18.5,136,20.8,142,22,292,19.7
507,川崎医科大学附属川崎病院,30,15.03,27,14.48,36 ,12.8,108,14.4,84,15.3,114,10.5
508,総合病院　水島協同病院,76,15.61,96,12.73,100 ,16.4,130,17.9,110,13.6,90,20.6
509,倉敷平成病院,208,12.45,182,11.34,155 ,14.5,172,11.7,114,11.3,150,12.3
510,岡山済生会総合病院,187,20.72,158,19.58,172 ,18.8,200,17.2,176,16.6,264,16
511,県立広島病院,252,17.38,233,20.88,195 ,21.1,260,20.6,166,16.7,182,19.2
512,広島赤十字・原爆病院,116,17.96,107,18.87,113 ,18.3,104,16.3,126,20.7,130,14.9
513,翠清会梶川病院,415,18,473,17.84,471 ,19.4,430,18.4,514,16.5,372,15.9
514,広島市立安佐市民病院,236,17.83,213,18.48,219 ,17.8,286,16.4,262,17.7,224,16.3
515,荒木脳神経外科病院,205,13.78,211,14.01,236 ,13.7,184,15.5,206,13.5,202,12.2
516,国家公務員共済組合連合会　呉共済病院,138,21,179,21.77,187 ,22,208,18.5,96,13.4,204,21.3
517,総合病院　三原赤十字病院,35,33.37,38,26.13,52 ,19.3,48,19.0,44,16.6,44,13.7
518,広島県厚生農業協同組合連合会　尾道総合病院,138,22.57,97,20.94,175 ,22.3,110,17.6,158,14.3,156,17.7
519,尾道市立市民病院,200,17.2,173,15.14,159 ,19.8,196,18.4,134,19.3,172,16.9
520,公立みつぎ総合病院,152,21.89,120,20.68,132 ,21.1,128,16.4,148,18.6,110,23.7
521,福山市民病院,107,14.33,108,17.74,116 ,19.1,122,22.9,88,22.8,128,20.6
522,市立三次中央病院,126,27.77,120,24.93,144 ,25.9,160,27.1,184,27.5,226,22.3
523,済生会広島病院,55,28.95,54,23.2,55 ,19.2,72,18.7,72,20.4,70,20.7
524,マツダ株式会社　マツダ病院,147,22.78,131,21.79,139 ,26.2,144,20.7,100,21.1,98,32.9
525,社会保険下関厚生病院,201,18.13,219,16.98,251 ,19.5,302,18.9,310,21.2,376,21
526,山口県済生会下関総合病院,146,15.88,123,15.57,97 ,14.4,108,14.5,94,17.4,86,17.8
527,宇部興産株式会社中央病院,178,21.69,185,17.35,167 ,14.8,218,17.8,160,11.1,150,13.2
528,済生会山口総合病院,160,22.11,173,22.55,121 ,27.6,142,18.8,178,22.6,206,22.1
529,萩市民病院,17,19.59,29,8.72,35 ,29,28,17.1,42,31,44,21.9
530,綜合病院社会保険徳山中央病院,317,17.94,282,18.07,311 ,24.2,328,18.0,316,19.1,288,19.3
531,山口県立総合医療センター,226,14.33,211,14.7,220 ,18.6,236,16.4,218,14.9,264,18.4
532,山口県厚生農業協同組合連合会　長門総合病院,27,21.78,28,14.5,29 ,33.8,28,14.2,44,9,52,19.3
533,徳島県立中央病院,148,14.26,180,16.67,164 ,19.1,138,16.1,168,18,174,14.9
534,徳島市民病院,85,18.27,97,13.87,103 ,15.3,154,10.8,120,10.1,264,13.3
535,徳島県立海部病院,73,17.22,77,17.23,75 ,13.7,60,14.7,58,18.9,130,21.6
536,つるぎ町立半田病院,21,23.9,40,19.9,28 ,21,36,28.4,36,18.5,30,21.7
537,高松市民病院,66,14.94,70,19.87,112 ,24.9,94,20.2,102,16.1,130,14.8
538,高松赤十字病院,127,19.81,144,18.06,91 ,18.3,94,20.9,86,14.5,102,19.1
539,独立行政法人　労働者健康福祉機構　香川労災病院,224,15.49,287,18.48,221 ,20.1,290,17.1,344,18.5,316,17.9
540,香川県厚生農業協同組合連合会　屋島総合病院,123,30.36,114,23.36,129 ,24.1,140,23.3,160,18.1,120,30.1
541,国家公務員共済組合連合会　高松病院,33,18.88,48,13.67,47 ,17.5,50,10.9,68,13.6,90,21.7
542,三豊総合病院,269,18.45,351,17.2,317 ,18,366,20.3,290,18.4,358,15.8
543,社会福祉法人　恩賜財団　済生会松山病院,131,15.21,119,15.45,125 ,15.6,132,17.5,114,15,144,16.6
544,松山赤十字病院,153,18.22,156,18.44,155 ,16.2,154,21.9,228,19.1,192,15.7
545,瀬戸内海病院,66,22.12,76,25.12,112 ,29.6,124,20.9,120,26.1,126,23.1
546,市立宇和島病院,309,17.18,310,18.21,300 ,17.4,318,18.6,254,22.1,274,19.3
547,愛媛労災病院,18,15.44,15,18.73,15 ,18.7,106,30.5,82,31,90,27
548,いずみの病院,110,15.1,87,12.92,84 ,15.1,70,15.1,92,14.2,86,16.6
549,JA高知病院,23,23.52,19,21.37,24 ,18.7,26,36.7,56,27,64,32.6
550,医療法人五月会　須崎くろしお病院,53,16.06,42,14.19,59 ,17.9,80,17.7,70,10.9,96,14.6
551,医療法人　社団若鮎　北島病院,212,17.89,217,17.64,219 ,20.5,166,21.1,146,24.8,116,16.5
552,医療法人　輝栄会　福岡輝栄会病院,126,18.13,121,14.8,177 ,11.5,236,11.3,220,11.2,160,14.3
553,福岡市民病院,193,16.71,200,15.1,199 ,18.8,230,15.1,138,17,134,14.9
554,医療法人　原三信病院,69,14.84,49,12.33,40 ,18,66,16.6,66,15.8,84,14.3
555,千鳥橋病院,83,18.72,89,22.55,95 ,19.6,110,17.6,150,16,124,19.8
556,福岡青洲会病院,113,16.88,113,15.81,128 ,18.7,128,18.8,98,17.1,100,15.7
557,国家公務員共済組合連合会　浜の町病院,97,18.09,74,20.69,61 ,20.6,86,18.7,158,18.5,120,18.6
558,福岡赤十字病院,279,16.97,252,16.23,225 ,21.5,252,19.0,280,17.7,240,20.3
559,公立学校共済組合　九州中央病院,186,18.55,203,19.08,212 ,19.2,256,21.5,172,21.4,154,18.5
560,福岡県済生会二日市病院,200,19.97,200,18.72,225 ,21.1,248,20.6,236,19.2,184,19.2
561,福岡大学筑紫病院,72,14.36,66,14.65,65 ,17,284,13.6,278,10.9,258,12.2
562,公立八女総合病院,80,23.51,91,23.05,96 ,25.7,112,22.7,132,18.3,126,18.6
563,医療法人聖峰会　田主丸中央病院,64,12.53,46,13.15,45 ,14.2,40,11.0,22,11.6,44,8.3
564,神代病院,26,8.65,27,8.7,21 ,13.1,32,10.6,28,8.4,28,10.6
565,長田病院,55,8.13,32,10.25,65 ,16.6,44,7.8,26,16.2,52,17.4
566,社会保険大牟田天領病院,59,17.15,63,16.57,77 ,20.8,136,20.1,78,13.3,140,14.4
567,健康保険直方中央病院,45,24.31,36,21.78,32 ,25.8,58,24.3,52,24.5,58,28.2
568,飯塚病院,316,19.6,331,25.12,339 ,24.3,338,24.6,290,24.7,246,14.5
569,社会保険田川病院,263,19.73,241,19.67,304 ,21.2,290,19.6,234,20.4,226,21.9
570,福岡新水巻病院,230,14.03,249,13.85,236 ,14.8,262,13.9,232,16.9,262,14.7
571,国家公務員共済組合連合会新小倉病院,138,27.41,129,22.49,99 ,20.8,82,25.1,24,33.8,24,24.3
572,北九州市立医療センター,76,17.78,70,16.66,79 ,19,94,14.6,58,16,52,23
573,北九州総合病院,192,21.04,231,21.42,167 ,23.5,298,20.8,318,20.4,272,21.2
574,独立行政法人国立病院機構　福岡東医療センター,225,14.91,255,16.7,248 ,16.7,240,20.1,220,16.1,206,21.8
575,やよいがおか鹿毛病院,24,14.46,24,10.75,35 ,16,46,11.4,74,16.2,36,11.3
576,白石共立病院,67,17.6,64,22.47,69 ,20.5,58,22.6,66,17.1,74,13.1
577,佐賀県立病院好生館,213,20.49,175,21.69,164 ,19.6,172,20.4,144,17.8,134,19.3
578,唐津赤十字病院,126,26.19,177,19.51,128 ,27.6,140,22.8,168,21.2,174,22.8
579,社会福祉法人　恩賜財団　済生会唐津病院,66,12.29,56,15.61,59 ,14.6,56,17.1,58,19.3,42,12.1
580,佐賀社会保険病院,21,36.38,24,26.17,33 ,27.4,26,13.8,26,25.1,34,32.6
581,聖フランシスコ病院,31,15.9,46,12.46,51 ,11.3,32,14.2,76,13.3,38,13.3
582,医療法人徳洲会　長崎北徳洲会病院,56,15.98,50,16.34,40 ,20.7,24,11.7,44,16.9,34,13
583,医療法人厚生会　虹が丘病院,23,17.04,14,14.29,21 ,14.3,52,18.5,36,16.6,58,25.2
584,医療法人三佼会　宮崎病院,380,23.62,400,25.33,479 ,22,506,22.3,444,25.2,514,30.4
585,長崎労災病院,234,20.69,187,21.46,197 ,23.1,262,16.3,222,18.1,178,16.2
586,長崎市立市民病院,62,20.45,48,18.83,63 ,22.1,46,17.7,56,19.6,74,21.6
587,社会福祉法人　十善会病院,229,17.29,231,15.27,257 ,16.1,280,16.4,254,16.4,312,18.7
588,公立新小浜病院,65,18.28,81,16.51,71 ,15.4,104,11.1,78,16.1,84,19.2
589,熊本セントラル病院,78,16.5,62,19.74,64 ,12.8,82,18.9,52,12.7,44,13.7
590,独立行政法人国立病院機構熊本医療センター,353,16.75,365,16.35,349 ,16,296,13.7,350,14.8,380,14.9
591,熊本赤十字病院,471,14.03,478,14.33,484 ,14.3,540,15.6,476,14.7,372,13.8
592,熊本市立熊本市民病院,255,14.84,277,13.54,243 ,14.7,242,14.9,348,14.1,326,12.8
593,荒尾市民病院,149,20.83,202,20.06,223 ,19.3,184,25.5,204,23.4,174,19.4
594,健康保険人吉総合病院,189,13.59,175,16.03,175 ,15.6,186,16.7,166,12.9,176,17.5
595,公立玉名中央病院,73,19.48,87,20.05,85 ,22.7,92,19.5,100,17,144,15.5
596,球磨郡公立多良木病院,70,32.44,83,35.2,89 ,35.2,78,28.5,98,29.5,102,18.5
597,河野脳神経外科病院,326,17.35,303,16.39,300 ,18.6,290,15.5,344,14.3,306,19.1
598,大分市医師会立アルメイダ病院,103,23.23,132,28.44,157 ,29.5,160,33.0,128,35.1,168,32.2
599,大分県厚生連鶴見病院,118,19.99,84,19.62,121 ,24.3,112,18.9,128,22.7,92,22.2
600,大分県済生会日田病院,34,18.76,41,22.12,40 ,17.1,62,18.6,64,15.1,76,19.7
601,健康保険南海病院,113,22.13,120,22.14,148 ,20.3,116,20.6,106,15.6,66,17.4
602,高田中央病院,37,18.84,49,21.65,41 ,25.9,52,11.8,56,23.5,36,13.6
603,佐藤第一病院,130,13.98,162,16.17,164 ,17.5,148,17.7,132,18.4,144,17.8
604,独立行政法人国立病院機構　別府医療センター,130,22.64,138,24.01,160 ,25,206,19.4,134,21.6,158,16.9
605,大分赤十字病院,43,22.93,30,24.6,51 ,20.6,70,19.5,80,20.8,76,19.7
606,大分県立病院,120,16.72,139,18.77,124 ,18.9,108,15.4,122,18.9,136,19.1
607,県立延岡病院,15,17.13,10,23,27 ,12.9,32,16.0,288,15.1,344,12.2
608,鹿児島市立病院,131,21.77,159,22.14,112 ,23.4,154,22.1,134,21.3,140,18.8
609,今給黎総合病院,114,20.08,128,22.09,103 ,28.1,132,22.5,140,22.7,132,23.4
610,総合病院　鹿児島生協病院,31,11.77,43,10.88,37 ,12.2,52,14.5,36,16.6,62,19.8
611,鹿児島市医師会病院,37,16.89,25,18.2,35 ,16.2,42,13.3,34,15.4,30,15.9
612,出水郡医師会立　阿久根市民病院,70,14.51,89,14.13,101 ,14.6,110,16.0,84,15,86,12
613,出水総合医療センター,116,16.5,135,19.36,133 ,19.6,148,20.2,108,21.4,180,15.9
614,川内市医師会立市民病院,117,19.17,143,18.05,145 ,16.3,182,16.6,220,15.7,198,17.4
615,医療法人おもと会　大浜第一病院,52,11.33,65,13.32,67 ,15.3,68,22.3,98,27.4,44,13.5
616,宮古島徳洲会病院,31,17.26,51,21.24,48 ,19.1,74,33.0,42,30.6,38,21.2
617,沖縄県立中部病院,304,16.09,362,14.57,251 ,19,254,14.3,254,16.3,264,15.5
618,沖縄県立宮古病院,115,15.83,111,20.37,129 ,20.1,110,21.1,128,28,80,22.8
619,沖縄県立八重山病院,114,16.37,112,20.24,71 ,18.4,100,18.1,108,18.7,106,19.7
620,沖縄県立北部病院,172,21.63,187,20.72,180 ,18.4,178,16.8,178,17.2,192,18.4
621,社団法人全国社会保険協会連合会　宇都宮社会保険病院,48,29.27,36,19.47,45 ,26.5,82,17.1,66,18.8,86,22.1
622,川崎医療生活協同組合　川崎協同病院,46,11.7,43,10.67,16 ,12.6,32,18.1,24,12.1,38,11
623,医療法人社団恵愛会　大分中村病院,54,12.57,70,15.64,73 ,14.2,104,15.2,92,14.5,110,24.3
624,医療法人秀友会　札幌秀友会病院,118,16.08,129,23.36,133 ,21,142,19.4,172,16.6,172,16.8
625,医療法人社団函館脳神経外科　函館脳神経外科病院,352,20.04,352,18.32,400 ,19.3,466,17.3,478,17.1,376,11.3
626,岩見沢市立総合病院,104,30.21,112,26.12,133 ,28,154,30.5,134,29.4,228,26.2
627,黒石市国民健康保険黒石病院,101,24.4,92,24.88,107 ,25.7,194,21.9,150,26.8,158,24.2
628,国家公務員共済組合連合会　東北公済病院,18,14.56,24,18.29,64 ,11.2,40,17.3,22,17.2,44,11.3
629,医療生協わたり病院,18,14.17,21,13.76,19 ,46.2,50,24.6,30,26.6,50,19.4
630,医療法人昨雲会　飯塚病院附属有隣病院,54,18.57,60,22.32,48 ,29.8,44,17.8,52,15.8,68,15.8
631,医療法人積仁会　島田総合病院,82,22.2,84,39.48,81 ,28.4,86,23.5,68,29,48,28
632,医療法人財団慈生会　野村病院,54,12.5,55,10.31,33 ,20.5,46,18.8,40,20.1,30,15.9
633,三浦市立病院,85,18.53,49,20.96,52 ,19.2,66,18.7,48,19.1,70,19.1
634,福井厚生病院,16,20.44,27,24.33,28 ,39.1,46,18.6,34,20.4,40,15.8
635,社会福祉法人　京都社会事業財団　西陣病院,64,13.14,66,14.91,71 ,13.9,102,13.7,92,16.7,70,16.5
636,医療法人健康会　総合病院京都南病院,53,31.23,105,30.35,108 ,27.6,136,23.4,114,21.8,116,15.8
637,医療法人　邦徳会　邦和病院,46,11.5,44,10.86,55 ,13.4,34,11.6,20,24.5,38,18.5
638,医療法人　医仁会　藤本病院,20,6.6,59,6.34,81 ,7.3,82,7.8,50,15.9,24,19.8
639,医療法人　大道会　森之宮病院,24,16.75,33,24.73,41 ,18.7,42,16.3,94,15.2,28,10.1
640,医療法人弘善会　矢木脳神経外科病院,428,16.81,373,20.7,339 ,18.5,348,20.7,306,26,176,22.1
641,医療法人康雄会　西病院,38,15.42,32,16.56,28 ,17.9,48,11.5,40,13.3,38,18.7
642,医療法人社団　光風会　長久病院,157,14.48,176,14.15,117 ,16,176,16.6,178,14.8,212,19.3
643,医療法人　桂会　平尾病院,45,25.07,39,20.33,49 ,22.9,56,20.6,50,24,34,17.7
644,町立大淀病院,68,17.35,50,20.3,61 ,19,70,22.9,84,23.6,84,23.3
645,医療法人誠和会　倉敷紀念病院,32,7.56,24,12.96,44 ,10.6,48,10.5,30,10.9,24,11.1
646,阿南医師会中央病院,22,20.36,26,20.35,23 ,19.5,24,24.8,50,18.3,60,9.6
647,医療法人社団江頭会　さくら病院,37,15.59,56,15.52,51 ,13.1,56,18.4,62,19.2,68,17.7
648,医療法人慈風会　厚地脳神経外科病院,385,16.74,362,17.81,343 ,17.7,424,16.3,468,16.5,404,15.7
