1,札幌医科大学附属病院,58,15.28,29,19.66,45 ,15.1,60,21.4,52,14.1,62,23.9,060-8543,北海道,札幌市中央区南１条西１６丁目２９１番地,43.05523,141.33328,1,北海道
2,北海道大学病院,50,10.4,36,12.44,39 ,18.3,62,9.0,60,11.5,54,18.6,060-8648,北海道,札幌市北区北１４条西５丁目,43.07719,141.3454,1,北海道
3,旭川医科大学病院,73,16.15,107,13.92,95 ,14.7,116,18.5,138,18.2,150,19.1,078-8510,北海道,旭川市緑が丘東２条１丁目１番１号,43.73004,142.38441,1,北海道
4,岩手医科大学附属病院,277,19.49,273,18.78,275 ,21.9,370,23.0,378,23,322,20.4,020-0023,岩手県,盛岡市内丸１９番１号,39.70515,141.15169,2,東北
5,東北大学病院,85,21.11,88,17.85,117 ,19.7,102,18.3,90,22.6,136,25.1,980-0872,宮城県,仙台市青葉区星陵町　１ー１,38.27222,140.86081,2,東北
6,秋田大学医学部附属病院,49,20.53,53,20.92,41 ,32.4,66,19.1,52,23.9,82,19.4,010-0041,秋田県,秋田市広面字蓮沼４４ー２,39.72778,140.14882,2,東北
7,国立大学法人山形大学医学部附属病院,87,20.16,100,18.08,107 ,17.7,80,20.5,88,21.9,78,20.8,990-9585,山形県,山形市飯田西２ー２ー２,38.2152,140.31744,2,東北
8,公立大学法人福島県立医科大学附属病院,68,22.46,78,25.31,76 ,25,88,21.8,116,20.3,84,24.9,960-1295,福島県,福島市光が丘１,37.68978,140.46771,2,東北
9,筑波大学附属病院,65,18.05,55,21.87,64 ,19.1,68,13.8,80,12.7,94,14.4,305-8576,茨城県,つくば市天久保２−１−１,36.09308,140.10205,3,関東
10,自治医科大学附属病院,284,18.52,325,18.25,341 ,18.3,298,16.7,346,17.8,308,16.6,329-0498,栃木県,下野市薬師寺３３１１−１,36.41003,139.86243,3,関東
11,獨協医科大学病院,309,21.25,270,24.3,304 ,25.1,348,19.6,390,19.6,460,20.4,321-0293,栃木県,下都賀郡壬生町大字北小林８８０,36.46992,139.82661,3,関東
12,国立大学法人群馬大学医学部附属病院,71,17.39,59,19.83,48 ,17.3,72,17.3,58,16.7,58,23,371-8511,群馬県,前橋市昭和町３ー３９ー１５,36.40783,139.06271,3,関東
13,埼玉医科大学病院,150,24.11,184,26.18,195 ,25.5,176,28.1,208,21.5,290,21,350-0451,埼玉県,入間郡毛呂山町毛呂本郷３８,35.93594,139.30408,3,関東
14,防衛医科大学校病院,140,12.46,90,12.54,84 ,15.5,104,11.9,108,16.9,114,14.9,359-0042,埼玉県,所沢市並木３−２,35.80229,139.46782,3,関東
15,千葉大学医学部附属病院,59,15.73,57,16.23,47 ,18.5,40,17.4,46,13.3,42,17.7,260-0856,千葉県,千葉市中央区亥鼻１‐８‐１,35.60474,140.12897,3,関東
16,東京慈恵会医科大学附属病院,219,13.52,171,16.14,176 ,16,264,13.8,216,12.4,198,14.5,105-0003,東京都,港区西新橋三丁目１９番１８号,35.66369,139.75145,3,関東
17,東京医科大学病院,135,19.62,162,15.69,151 ,17.4,172,15.6,222,16.3,264,16.3,160-0023,東京都,新宿区西新宿六丁目７番１号,35.69372,139.69193,3,関東
18,東京女子医科大学病院,161,22.37,179,18.67,177 ,22.1,184,16.4,164,14.4,200,13.2,162-0054,東京都,新宿区河田町８番１号,35.69717,139.71962,3,関東
19,慶應義塾大学病院,174,21.08,189,19.03,235 ,19.7,208,19.3,256,19.9,284,17.7,160-0016,東京都,新宿区信濃町３５番地,35.68066,139.71906,3,関東
20,日本医科大学付属病院,255,17.71,372,18.61,355 ,18,408,22.5,360,16.6,266,20.9,113-0022,東京都,文京区千駄木一丁目１番５号,35.72116,139.75909,3,関東
21,順天堂大学医学部附属順天堂医院,198,19.03,231,19.02,208 ,16.8,194,20.3,228,22.2,246,16.7,113-0033,東京都,文京区本郷三丁目１番３号,35.70242,139.76257,3,関東
22,昭和大学病院,104,3.18,112,3.16,23 ,16.6,22,18.2,34,6.6,54,15.6,142-0064,東京都,品川区旗の台一丁目５番８号,35.60851,139.70354,3,関東
23,東邦大学医療センター大森病院,221,15.65,225,13.88,220 ,17.4,334,16.5,354,15.3,302,15.5,143-0015,東京都,大田区大森西六丁目１１番１号,35.56839,139.72392,3,関東
24,日本大学医学部附属板橋病院,252,14.88,252,13.4,324 ,16.7,336,14.7,336,16.5,304,17.6,173-0032,東京都,板橋区大谷口上町３０番１号,35.7493,139.69116,3,関東
25,帝京大学医学部附属病院,305,15.72,301,16.65,272 ,19.3,328,17.5,368,19.4,298,25.6,173-0003,東京都,板橋区加賀二丁目１１番１号,35.75928,139.71448,3,関東
26,杏林大学医学部付属病院,320,24.44,293,28.08,324 ,24.1,308,25.1,360,20.5,430,23.3,181-0004,東京都,三鷹市新川六丁目２０番２号,35.67712,139.56615,3,関東
27,東京医科歯科大学医学部附属病院,99,11.04,118,16.14,105 ,21.8,152,15.4,234,16.8,188,15.7,113-0034,東京都,文京区湯島一丁目５番４５号,35.70159,139.76427,3,関東
28,東京大学医学部附属病院,106,17.72,99,16.62,132 ,18.7,158,18.0,182,16.6,154,17.8,113-0033,東京都,文京区本郷七丁目３番１号,35.71172,139.76329,3,関東
29,公立大学法人　横浜市立大学附属病院,111,15.2,86,17.05,96 ,12.8,110,17.0,84,16,96,20.7,236-0004,神奈川県,横浜市金沢区福浦３−９,35.34313,139.65137,3,関東
30,北里大学病院,120,23.68,127,26.52,143 ,28.3,198,18.0,192,20.4,154,22.2,252-0329,神奈川県,相模原市南区北里１−１５−１,35.53963,139.39378,3,関東
31,東海大学医学部付属病院,234,19.65,292,18.5,311 ,20.8,340,18.7,410,18.8,328,19.3,259-1143,神奈川県,伊勢原市下糟屋字上ノ台１４３,35.40643,139.32886,3,関東
32,聖マリアンナ医科大学病院,201,15.12,234,17.99,251 ,18.7,370,17.5,406,18.3,356,19.9,216-0015,神奈川県,川崎市宮前区菅生２−１６−１,35.59938,139.5477,3,関東
33,新潟大学医歯学総合病院,67,19.78,81,16.2,111 ,19.8,94,17.8,84,14.2,118,19.8,951-8520,新潟県,新潟市中央区旭町通一番町７５４番地,37.9185,139.0374,4,中部
34,国立大学法人富山大学附属病院,45,13.6,59,21.17,80 ,19,60,20.0,102,19.9,146,15.7,930-0152,富山県,富山市杉谷２６３０,36.68,137.14232,4,中部
35,金沢医科大学病院,103,26.11,120,28.67,133 ,25.9,136,23.1,182,25.5,180,22.2,920-0293,石川県,河北郡内灘町大学１丁目１番地,36.65544,136.64609,4,中部
36,福井大学医学部附属病院,146,17.4,145,18.74,196 ,17.2,202,15.2,166,17.4,194,19.2,910-1193,福井県,吉田郡永平寺町松岡下合月２３−３,36.10849,136.29665,4,中部
37,山梨大学医学部附属病院,66,18.94,63,16.16,65 ,21,74,15.6,54,19.3,98,13.9,409-3898,山梨県,中央市下河東１１１０,35.60887,138.53777,4,中部
38,国立大学法人　信州大学医学部附属病院,63,11.76,69,10.55,83 ,14.5,100,14.9,78,13.2,108,11.4,390-0802,長野県,松本市旭３−１−１,36.24998,137.97893,4,中部
39,浜松医科大学医学部附属病院,98,16.37,81,15.14,104 ,19.5,94,17.9,116,14.6,102,16.7,431-3192,静岡県,浜松市東区半田山一丁目２０番１号,34.76939,137.74052,4,中部
40,名古屋市立大学病院,214,16.62,198,17.35,204 ,17.4,208,16.0,250,13.6,214,16.2,467-0001,愛知県,名古屋市瑞穂区瑞穂町字川澄１,35.1394,136.9352,4,中部
41,藤田保健衛生大学病院,341,23.02,365,23.3,360 ,23.2,506,25.9,446,18.1,492,21.5,470-1101,愛知県,豊明市沓掛町田楽ケ窪１−９８,35.06911,137.00583,4,中部
42,愛知医科大学病院,273,20.6,269,20.58,280 ,20.5,278,18.0,260,21.9,284,19.4,480-1195,愛知県,愛知郡長久手町大字岩作字雁又２１番地,35.19342,137.0484,4,中部
43,名古屋大学医学部附属病院,102,18.82,107,17.1,111 ,21.5,146,15.0,108,18,146,16,466-0065,愛知県,名古屋市昭和区鶴舞町６５,35.15776,136.92114,4,中部
44,国立大学法人三重大学医学部附属病院,73,14.63,59,13.98,67 ,13.9,112,13.7,130,10.8,122,10.1,514-0001,三重県,津市江戸橋２丁目１７４番地,34.7423,136.52371,5,近畿
45,滋賀医科大学医学部附属病院,57,16.6,61,18.66,45 ,18,82,17.3,68,15.4,84,16.1,520-2121,滋賀県,大津市瀬田月輪町,34.97272,135.94785,5,近畿
46,京都府立医科大学附属病院,114,15.03,140,13.72,140 ,17.4,104,18.7,98,16,114,15.4,602-8566,京都府,京都府京都市上京区河原町通広小路上る梶井町４６５,35.022896,135.770298,5,近畿
47,京都大学医学部附属病院,191,14.21,191,14.35,155 ,13.3,240,14.6,200,14.5,166,18.8,606-8507,京都府,京都市左京区聖護院川原町５４,35.01956,135.77817,5,近畿
48,大阪医科大学附属病院,96,19.11,82,22.72,96 ,23.8,120,18.5,128,16.3,146,16.9,569-0801,大阪府,高槻市大学町２番７号,34.85146,135.62485,5,近畿
49,大阪市立大学医学部附属病院,32,12.84,30,14,28 ,19,52,16.5,60,16,46,21.3,545-0051,大阪府,大阪市阿倍野区旭町一丁目５番７号,34.64698,135.50899,5,近畿
50,関西医科大学附属枚方病院,81,17.64,91,19.36,96 ,16.7,168,14.2,112,15.4,134,18.1,573-1191,大阪府,枚方市新町二丁目３番１号,34.81785,135.64507,5,近畿
51,近畿大学医学部附属病院,122,15.34,99,18.12,93 ,16.9,118,16.3,158,17.1,128,17.4,589-0014,大阪府,大阪狭山市大野東３７７番地の２,34.47376,135.54756,5,近畿
52,大阪大学医学部附属病院,102,15.87,125,15.36,124 ,14.4,158,15.2,166,15.7,150,14.7,565-0871,大阪府,吹田市山田丘２番１５号,34.82029,135.52365,5,近畿
53,兵庫医科大学病院,90,18.26,86,18.49,85 ,20.4,136,16.7,122,15.7,154,18.2,663-8131,兵庫県,西宮市武庫川町１−１,34.71872,135.37921,5,近畿
54,神戸大学医学部附属病院,71,13.46,92,20.2,108 ,19.6,146,18.3,134,18.7,134,15,650-0017,兵庫県,神戸市中央区楠町７丁目５−２,34.68559,135.17096,5,近畿
55,奈良県立医科大学附属病院,61,18.48,66,19.06,101 ,21.2,126,16.9,114,17.1,152,16.3,634-0813,奈良県,橿原市四条町８４０番地,34.50378,135.79274,5,近畿
56,和歌山県立医科大学附属病院,248,14.03,218,13.69,232 ,16.7,312,14.3,280,13.6,280,13.5,641-0012,和歌山県,和歌山市紀三井寺８１１番地１,34.18678,135.18321,5,近畿
57,鳥取大学医学部附属病院,189,20.22,156,19.72,188 ,21.9,168,18.8,178,19.6,170,19.5,683-0826,鳥取県,米子市西町３６−１,35.42899,133.32532,6,中国
58,島根大学医学部附属病院,147,16.05,177,18.66,167 ,19.7,180,17.6,152,21.2,178,21.4,693-0021,島根県,出雲市塩冶町８９番１,35.34681,132.75392,6,中国
59,川崎医科大学附属病院,401,17.77,394,18.32,507 ,20.6,586,19.6,592,19.7,532,19.1,701-0192,岡山県,倉敷市松島５７７番地,34.63193,133.8105,6,中国
60,岡山大学病院,49,10.67,69,9.94,71 ,9.5,120,9.8,114,10.9,136,8.4,700-8558,岡山県,岡山市北区鹿田町２−５−１,34.65062,133.91995,6,中国
61,広島大学病院,88,15.17,81,14.15,108 ,18.8,68,16.6,98,18.6,90,16,734-8551,広島県,広島市南区霞１丁目２−３,34.382,132.47987,6,中国
62,山口大学医学部附属病院,81,10,91,9.27,99 ,11.4,116,11.4,100,9.6,116,11.2,755-8505,山口県,宇部市南小串１丁目１番１号,33.95947,131.24936,6,中国
63,徳島大学病院,130,10.9,170,11.06,175 ,11.6,192,12.2,156,10.5,182,12.7,770-8504,徳島県,徳島市蔵本町２丁目５０番地の１,34.07626,134.51851,7,四国
64,香川大学医学部附属病院,47,17.26,61,12.97,51 ,13.2,78,8.8,86,13.8,98,17.7,761-0793,香川県,木田郡三木町大字池戸１７５０番地１,34.294,134.12135,7,四国
65,愛媛大学医学部附属病院,47,19.09,56,16.52,60 ,15,160,9.2,154,10.9,186,8.7,791-0295,愛媛県,東温市志津川,33.80519,132.87601,7,四国
66,高知大学医学部附属病院,47,16.3,62,19.9,64 ,19,72,21.6,72,20.8,96,22.7,783-8505,高知県,南国市岡豊町小蓮１８５番地１,33.59785,133.61516,7,四国
67,福岡大学病院,326,7.92,268,8.25,203 ,10.1,250,12.1,168,16,134,17.4,814-0180,福岡県,福岡県福岡市城南区七隈７丁目４５番１号,33.54673,130.35909,8,九州
68,久留米大学病院,68,14.96,82,17.24,100 ,18.9,86,18.3,112,19,94,22.9,830-0011,福岡県,福岡県久留米市旭町６７番地,33.32809,130.5114,8,九州
69,産業医科大学病院,187,19.14,190,19.69,181 ,22.3,170,19.2,170,20.5,134,20,807-8555,福岡県,福岡県北九州市八幡西区医生ケ丘１−１,33.87718,130.70963,8,九州
70,九州大学病院,91,17.49,107,16.9,112 ,18.6,128,16.9,158,16.9,134,14,812-0054,福岡県,福岡県福岡市東区馬出３丁目１−１,33.61189,130.41728,8,九州
71,佐賀大学医学部附属病院,176,14.1,197,14.08,165 ,15.3,138,16.2,148,17.6,164,17.2,849-8501,佐賀県,佐賀市鍋島５丁目１番１号,33.28466,130.26442,8,九州
72,熊本大学医学部附属病院,49,15.47,28,19.43,56 ,16.1,68,12.1,84,17.1,82,13.1,860-0811,熊本県,熊本市本荘１−１−１,32.79683,130.71162,8,九州
73,大分大学医学部附属病院,56,19.14,71,21.55,69 ,18.7,68,18.1,84,14.3,94,11.4,879-5503,大分県,由布市挾間町医大ケ丘１丁目１番地,33.21032,131.53464,8,九州
74,宮崎大学医学部附属病院,72,11.92,37,11.54,41 ,13.8,62,8.9,58,15.8,46,9,889-1692,宮崎県,宮崎市清武町木原５２００番地,31.84022,131.39908,8,九州
75,琉球大学医学部附属病院,50,26.98,38,28.95,37 ,34.1,64,22.0,94,16.3,118,12.5,903-0125,沖縄県,中頭郡西原町上原２０７,26.24144,127.75933,8,九州
76,市立函館病院,149,17.16,136,20.57,211 ,21.5,182,21.2,164,16.2,134,23,041-8680,北海道,函館市港町１丁目１０番１号,41.8049,140.72853,1,北海道
77,八戸市立市民病院,398,14.94,421,13.13,408 ,14.5,446,14.6,378,18.2,292,16.7,031-8555,青森県,八戸市大字田向字毘沙門平１,40.49215,141.51309,2,東北
78,岩手県立中央病院,380,19.83,388,22.52,379 ,22.2,380,19.9,398,18.5,480,16.3,020-0066,岩手県,盛岡市上田一丁目４番１号,39.71312,141.14525,2,東北
79,山形県立中央病院,245,22.24,212,22.28,255 ,22.4,300,20.9,364,21.4,268,22.3,990-2292,山形県,山形市青柳　１８００,38.30104,140.34673,2,東北
80,総合病院土浦協同病院,273,21.63,251,21.15,237 ,20.2,256,18.5,286,20.9,284,24.8,300-0053,茨城県,土浦市真鍋新町１１−７,36.08982,140.20952,3,関東
81,茨城県立中央病院,186,22.37,214,18.16,239 ,20.6,236,22.8,198,20,232,22.7,309-1793,茨城県,笠間市鯉淵６５２８,36.3503,140.32437,3,関東
82,筑波メディカルセンター病院,227,21.28,239,21.1,204 ,20,258,23.6,206,20.8,252,18.3,305-8558,茨城県,つくば市天久保１−３−１,36.09095,140.1069,3,関東
83,自治医科大学附属さいたま医療センター,231,11.32,224,9.43,224 ,10.2,250,10.8,264,10,210,8.1,330-8503,埼玉県,さいたま市大宮区天沼町１−８４７,35.90628,139.64594,3,関東
84,さいたま赤十字病院,229,22.21,248,22.64,277 ,31.5,246,23.5,258,24.9,220,24,338-0001,埼玉県,さいたま市中央区上落合８ー３ー３３,35.89915,139.62317,3,関東
85,埼玉医科大学国際医療センター,374,24.11,356,24.57,329 ,25.4,476,19.7,496,17,378,14.1,350-1298,埼玉県,日高市大字山根字稲荷山１３９７番地１,35.91918,139.32307,3,関東
86,日本医科大学千葉北総病院,248,16.9,238,17.97,248 ,18.9,340,15.2,378,13.8,388,14.4,270-1694,千葉県,印西市鎌苅１７１５,35.78079,140.1955,3,関東
87,虎の門病院,193,15.72,199,14.9,160 ,12.8,226,13.1,196,17.5,188,16.6,105-0001,東京都,港区虎ノ門二丁目２番２号,35.66901,139.74557,3,関東
88,東京都済生会中央病院,222,17.39,270,15.47,256 ,21.9,312,13.4,320,16.2,384,11.8,108-0073,東京都,港区三田一丁目４番１７号,35.65325,139.7426,3,関東
89,日本赤十字社医療センター,166,17.63,203,16.62,181 ,18.3,200,19.1,232,17.7,254,19.4,150-0012,東京都,渋谷区広尾四丁目１番２２号,35.65443,139.72037,3,関東
90,東京医科大学八王子医療センター,132,20.35,148,19.41,191 ,24.8,250,17.4,264,20.4,186,25.3,193-0944,東京都,八王子市館町１１６３番地,35.63195,139.28925,3,関東
91,公立昭和病院,434,17.54,376,19.6,344 ,18.7,368,15.9,360,20.2,324,18.1,187-0004,東京都,小平市天神町二丁目４５０番地,35.73136,139.50293,3,関東
92,国家公務員共済組合連合会　横須賀共済病院,259,21.22,227,19.54,253 ,22.6,392,12.9,318,14,284,15.8,238-0011,神奈川県,横須賀市米が浜通１−１６,35.27649,139.67393,3,関東
93,聖マリアンナ医科大学横浜市西部病院,121,20.21,160,18.63,129 ,20,196,18.4,154,18.7,166,31.3,241-0811,神奈川県,横浜市旭区矢指町１１９７−１,35.47753,139.50342,3,関東
94,昭和大学藤が丘病院,163,13.06,137,13.69,64 ,18.5,26,17.7,128,22.4,120,19.5,227-8501,神奈川県,横浜市青葉区藤が丘１−３０,35.5448,139.52939,3,関東
95,新潟市民病院,266,17.48,318,17.87,345 ,17.5,396,13.8,314,16.7,308,13.5,950-1197,新潟県,新潟市中央区鐘木４６３番地７,37.87598,139.04326,4,中部
96,新潟県厚生農業協同組合連合会　長岡中央綜合病院,287,21.33,277,20.05,309 ,23.1,274,22.1,324,20.1,254,25,940-8653,新潟県,長岡市川崎町２０４１番地,37.45069,138.87849,4,中部
97,長野市民病院,215,18.9,240,17.56,204 ,16.6,234,16.2,204,17,206,12.1,381-8551,長野県,長野市大字富竹１３３３−１,36.66957,138.25412,4,中部
98,諏訪赤十字病院,183,18.48,264,16.86,240 ,20.8,258,17.9,256,15,234,19.2,392-8510,長野県,諏訪市湖岸通り５丁目１１ー５０,36.04363,138.10857,4,中部
99,岐阜県総合医療センター,275,17.99,270,18.73,281 ,21.1,262,20.1,280,16.5,274,18,500-8717,岐阜県,岐阜市野一色４−６−１,35.41071,136.79875,4,中部
100,大垣市民病院,375,25.38,356,24.78,432 ,26.2,420,24.0,380,22.4,438,23,503-8502,岐阜県,大垣市南頬町４−８６,35.35486,136.6214,4,中部
101,静岡市立静岡病院,200,16.04,198,15.75,227 ,16.7,188,12.1,210,14.8,228,19.6,420-8630,静岡県,静岡市葵区追手町１０番９３号,34.98054,138.38062,4,中部
102,静岡県立総合病院,205,20.25,210,21.9,224 ,25.9,220,24.6,206,19.6,218,21.2,420-8527,静岡県,静岡市葵区北安東四丁目２７番１号,35.00197,138.38741,4,中部
103,名古屋第一赤十字病院,290,18.65,289,20.01,328 ,20.6,404,23.0,370,20.4,430,19.5,453-0046,愛知県,名古屋市中村区道下町３−３５,35.17191,136.86296,4,中部
104,名古屋第二赤十字病院,656,17.31,619,17.52,676 ,16,630,15.4,704,17.9,622,16.6,466-0814,愛知県,名古屋市昭和区妙見町２−９,35.14508,136.96588,4,中部
105,独立行政法人労働者健康福祉機構　中部労災病院,161,18.13,187,21.91,212 ,21.1,200,24.3,180,23.8,224,23.5,455-0018,愛知県,名古屋市港区港明１−１０−６,35.10909,136.88899,4,中部
106,医療法人豊田会　刈谷豊田総合病院,319,15.86,327,18.21,303 ,17.2,358,17.0,338,20.9,334,21.4,448-0852,愛知県,刈谷市住吉町５−１５,34.98394,137.00578,4,中部
107,小牧市民病院,352,16.55,335,15.87,381 ,15.3,456,13.3,392,14.9,296,15.3,485-0044,愛知県,小牧市常普請１−２０,35.28769,136.91748,4,中部
108,愛知県厚生農業協同組合連合会　海南病院,205,21.49,173,20.62,157 ,19.9,262,15.6,240,11.8,254,13.8,498-0017,愛知県,弥富市前ヶ須町南本田３９６,35.11178,136.71924,4,中部
109,市立四日市病院,373,19.36,369,17.59,340 ,21.2,432,18.5,494,17,500,17.4,510-0822,三重県,四日市市芝田二丁目２番３７号,34.97167,136.60875,5,近畿
110,京都第一赤十字病院,220,16.57,223,16.77,179 ,16.2,240,18.2,244,19,258,16,605-0981,京都府,京都市東山区本町十五丁目七四九,34.98011,135.77278,5,近畿
111,医療法人徳洲会　岸和田徳洲会病院,232,16.69,229,15.48,228 ,15.4,304,13.3,242,13,198,16.2,596-0042,大阪府,岸和田市加守町四丁目２７番１号,34.4719,135.3922,5,近畿
112,大阪警察病院,195,13.7,158,13.28,124 ,15.1,238,11.3,278,11.4,240,9.9,543-0035,大阪府,大阪市天王寺区北山町１０番３１号,34.65894,135.52203,5,近畿
113,兵庫県立尼崎病院,249,17.72,320,19.2,229 ,21.5,226,21.4,236,18.5,180,17.6,660-0828,兵庫県,尼崎市東大物町１丁目１−１,34.71785,135.42816,5,近畿
114,公立豊岡病院組合立豊岡病院,235,28.78,306,29.66,275 ,25.4,348,24.1,324,26,210,26.7,668-8501,兵庫県,豊岡市戸牧１０９４番地,35.52605,134.80219,5,近畿
115,近畿大学医学部奈良病院,62,15.63,60,17.43,79 ,22,98,14.0,74,22.3,74,15.1,630-0293,奈良県,生駒市乙田町１２４８−１,34.65321,135.72063,5,近畿
116,広島市立広島市民病院,181,17.22,224,17.42,221 ,16.3,312,13.6,304,14.9,306,13.9,730-8518,広島県,広島市中区基町７−３３,34.3977,132.45988,6,中国
117,徳島赤十字病院,313,13.9,330,12.38,321 ,11.3,370,12.6,330,14.8,260,13.4,773-8502,徳島県,小松島市小松島町字井利ノ口１０３番地,34.01215,134.58443,7,四国
118,香川県立中央病院,145,18.08,180,18.47,152 ,18.2,226,19.7,230,22.6,222,19,760-8557,香川県,高松市番町五丁目４番１６号,34.33912,134.04109,7,四国
119,高知赤十字病院,245,21.96,223,21.11,268 ,22.3,234,16.2,218,17,314,22.7,780-0062,高知県,高知市新本町２丁目１３ー５１,33.56932,133.54617,7,四国
120,福岡和白病院,228,14.75,204,17.26,179 ,20.3,222,17.7,282,15.7,286,17.7,811-0213,福岡県,福岡県福岡市東区和白丘２丁目２番７５号,33.69186,130.43408,8,九州
121,福岡県済生会福岡総合病院,312,12.52,284,12.94,335 ,14.1,370,13.4,358,13.2,334,11.2,810-0001,福岡県,福岡県福岡市中央区天神１丁目３−４６,33.58928,130.40199,8,九州
122,九州厚生年金病院,182,17.36,162,14.73,187 ,18.4,218,15.0,244,12.7,252,13.5,806-8501,福岡県,福岡県北九州市八幡西区岸の浦一丁目８番１号,33.85733,130.76631,8,九州
123,済生会熊本病院,783,10.74,744,10.87,771 ,12.4,806,12.3,820,14,892,11.9,861-4101,熊本県,熊本市近見５−３−１,32.76502,130.70137,8,九州
124,県立宮崎病院,86,20.24,88,18.65,96 ,16.5,108,21.4,136,14.7,106,21.3,880-0017,宮崎県,宮崎市北高松町５番３０号,31.91693,131.41684,8,九州
125,市立札幌病院,71,22.9,82,24.41,115 ,23.3,124,20.3,76,15.9,66,15.1,060-8604,北海道,札幌市中央区北１１条西１３丁目１番１号,43.07142,141.33519,1,北海道
126,医療法人　徳洲会　札幌東徳洲会病院,158,16.52,129,18.53,153 ,17,182,15.7,194,11.6,128,17.5,065-0033,北海道,札幌市東区北３３条東１４丁目３ー１,43.1041,141.36584,1,北海道
127,ＫＫＲ札幌医療センター,27,22.74,51,25.51,49 ,29.4,130,19.3,120,19.8,182,16.2,062-0931,北海道,札幌市豊平区平岸１条６丁目３番４０号,43.03656,141.36661,1,北海道
128,医療法人　柏葉脳神経外科病院,420,16.13,444,14.91,433 ,17.9,514,18.2,670,12.9,810,13.7,062-8513,北海道,札幌市豊平区月寒東１条１５丁目７番２０号,43.01986,141.40753,1,北海道
129,医療法人　渓和会　江別病院,220,17.85,208,17.86,231 ,19.7,256,18.6,244,17.4,334,13.4,069-0817,北海道,江別市野幌代々木町８１番地の６,43.09306,141.51956,1,北海道
130,市立千歳市民病院,66,19.11,46,24.74,43 ,20.8,60,19.2,56,24.6,52,19.5,066-8550,北海道,千歳市北光２丁目１番１号,42.84401,141.63983,1,北海道
131,医療法人　北晨会　恵み野病院,105,23.15,97,25.22,95 ,31.3,118,26.1,106,28.6,122,28.8,061-1395,北海道,恵庭市恵み野西２丁目３番地５,42.90051,141.57701,1,北海道
132,共愛会病院,16,14.31,27,15.85,29 ,16.9,28,16.8,22,16.3,38,11.9,040-0014,北海道,函館市中島町７番２１号,41.78539,140.74062,1,北海道
133,函館市医師会病院,33,14.21,18,27.78,36 ,18.8,22,24.8,40,18.1,52,27.3,041-8522,北海道,函館市富岡町２丁目１０番１０号,41.80695,140.75279,1,北海道
134,旭川赤十字病院,545,16.29,563,17.39,637 ,17.2,650,14.5,644,15.3,804,14.1,070-8530,北海道,旭川市曙１条１丁目１番１号,43.77018,142.34857,1,北海道
135,名寄市立総合病院,155,27.72,168,28.76,179 ,30.7,230,30.9,168,26.7,164,32.4,096-8511,北海道,名寄市西７条南８丁目１番地,44.34839,142.45132,1,北海道
136,医療法人社団　平成醫塾　苫小牧東病院,66,12.56,65,10.8,67 ,7.2,64,6.6,50,7.6,48,10.9,053-0054,北海道,苫小牧市明野新町５丁目１番３０号,42.66193,141.63617,1,北海道
137,王子総合病院,47,19.36,129,24.79,99 ,24.1,162,27.8,134,26.3,170,24,053-0021,北海道,苫小牧市若草町３丁目４番８号,42.63667,141.60393,1,北海道
138,苫小牧市立病院,128,21.16,129,27.4,132 ,25.9,144,23.0,160,21.7,144,19.4,053-8567,北海道,苫小牧市清水町１丁目５番２０号,42.65218,141.60448,1,北海道
139,市立釧路総合病院,139,30.64,176,28.07,147 ,35.4,228,26.2,212,24.3,258,24,085-0822,北海道,釧路市春湖台１番１２号,42.97512,144.40109,1,北海道
140,留萌市立病院,86,30.03,86,35.9,91 ,22.8,120,23.4,44,23.5,126,25.7,077-8511,北海道,留萌市東雲町２丁目１６番地,43.93073,141.67804,1,北海道
141,砂川市立病院,152,21.86,151,20.79,172 ,21.8,192,20.7,280,15,256,15.7,073-0196,北海道,砂川市西４条北２丁目１番１号,43.4936,141.90462,1,北海道
142,あおもり協立病院,81,20.57,93,18.74,83 ,19.9,46,15.5,84,14.5,78,13.8,030-0847,青森県,青森市東大野二丁目１番地１０,40.7993,140.74117,2,東北
143,八戸赤十字病院,266,17.58,232,16.02,232 ,16.9,258,19.3,294,16.4,212,17.6,039-1104,青森県,八戸市大字田面木字中明戸２番地,40.50069,141.44772,2,東北
144,十和田市立中央病院,203,23.49,244,23.73,289 ,20.1,222,21.1,174,32.6,180,21.5,034-0093,青森県,十和田市西十二番町１４ー８,40.61181,141.2032,2,東北
145,盛岡赤十字病院,256,18.74,254,19.11,272 ,17.3,296,16.0,272,15.3,272,16.5,020-8560,岩手県,盛岡市三本柳６地割１番地１,39.66133,141.1664,2,東北
146,岩手県立大船渡病院,154,21.1,154,19.07,144 ,24.1,226,24.2,206,23.9,236,21.8,022-0002,岩手県,大船渡市大船渡町字山馬越１０番地１,39.06021,141.69743,2,東北
147,岩手県立久慈病院,123,25.01,144,25.7,144 ,30.8,174,26.7,124,29.9,214,25.4,028-0014,岩手県,久慈市旭町第１０地割１番,40.19874,141.77861,2,東北
148,岩手県立磐井病院,314,15.43,271,18.6,269 ,18.7,244,21.0,250,21,244,19.1,029-0131,岩手県,一関市狐禅寺字大平１７番地,38.93744,141.17313,2,東北
149,岩手県立二戸病院,145,28.24,142,29.82,151 ,27.6,216,23.6,194,26.7,182,28.1,028-6105,岩手県,二戸市堀野字大川原毛３８番地２,40.3008,141.30711,2,東北
150,岩手県立胆沢病院,342,18.1,302,16.69,297 ,22.5,264,18.8,300,16.1,278,19.3,023-0864,岩手県,奥州市水沢区字龍ヶ馬場６１番地,39.12353,141.13571,2,東北
151,石巻赤十字病院,206,17.32,213,18.23,255 ,18.1,224,19.8,242,13.1,188,17,986-8522,宮城県,石巻市蛇田字西道下７１,38.4585,141.27939,2,東北
152,公立刈田綜合病院,101,23.44,109,25.06,159 ,30.1,158,21.9,162,22,216,24.9,989-0231,宮城県,白石市福岡蔵本字下原沖　３６,38.01168,140.61066,2,東北
153,総合南東北病院,158,13.68,129,13.83,165 ,15.2,340,10.1,264,13.3,218,16.6,963-8563,福島県,郡山市八山田７丁目１１５,37.42268,140.38324,2,東北
154,大崎市民病院,207,19.86,219,22.47,187 ,24.8,198,25.0,178,29.3,222,23.3,989-6183,宮城県,大崎市古川千手寺町２ー３ー１０,38.57969,140.95625,2,東北
155,みやぎ県南中核病院,243,19.14,217,20.29,320 ,19.9,264,20.1,262,23.5,250,20.8,989-1253,宮城県,柴田郡大河原町西　３８ー１,38.06208,140.73286,2,東北
156,中嶋病院,50,18.38,75,17.04,77 ,22.7,116,24.5,58,15.5,80,21.4,983-0835,宮城県,仙台市宮城野区大梶　１５ー２７,38.2724,140.90639,2,東北
157,仙台市立病院,196,23.15,166,22.81,163 ,24.6,226,15.8,274,17.6,176,18.9,984-8501,宮城県,仙台市若林区清水小路　３ー１,38.25132,140.88162,2,東北
158,宮城社会保険病院,17,12.18,21,25.33,32 ,15.3,22,8.5,38,21.4,26,20.6,981-1103,宮城県,仙台市太白区中田町字前沖　１４３,38.19044,140.89987,2,東北
159,仙台赤十字病院,31,34.35,36,29.06,28 ,24.6,28,37.4,34,27.8,32,44.8,982-0801,宮城県,仙台市太白区八木山本町　２ー４３ー３,38.23515,140.84373,2,東北
160,独立行政法人国立病院機構仙台医療センター,244,19.54,221,18.51,316 ,19.6,354,15.5,314,17,376,14.5,983-0045,宮城県,仙台市宮城野区宮城野　２ー８ー８,38.26123,140.90829,2,東北
161,市立秋田総合病院,57,28.96,84,21.76,79 ,23,56,21.8,78,23.7,72,22.5,010-0933,秋田県,秋田市川元松丘町４番３０号,39.71244,140.10307,2,東北
162,秋田赤十字病院,216,18.64,201,19.23,212 ,22.8,228,22.6,182,29.5,192,21.9,010-1495,秋田県,秋田市上北手猿田字苗代沢２２２番地１号,39.68573,140.15761,2,東北
163,秋田組合総合病院,188,32.95,199,36.46,208 ,40,232,32.1,230,34.3,220,36.8,011-0948,秋田県,秋田市飯島西袋一丁目１番１号,39.76707,140.09256,2,東北
164,山本組合総合病院,240,27.28,237,21.98,227 ,20.3,232,24.9,202,19.1,220,16.5,016-0014,秋田県,能代市落合字上前田地内,40.2267,140.02493,2,東北
165,市立横手病院,56,25.09,50,20.06,61 ,22.1,64,23.1,60,26.6,94,37.1,013-0016,秋田県,横手市根岸町５ー３１,39.31831,140.5692,2,東北
166,平鹿総合病院,234,32.2,221,33.45,311 ,31.9,324,28.0,312,34.4,228,33.3,013-8610,秋田県,横手市前郷字八ツ口３番１,39.31107,140.54895,2,東北
167,本荘第一病院,110,21.38,126,19.1,99 ,28.1,106,19.7,142,17.7,188,19.5,015-0834,秋田県,由利本荘市岩渕下１１０番地,39.39261,140.05165,2,東北
168,由利組合総合病院,228,30.65,258,25.27,317 ,29.3,324,26.4,304,23.1,288,23.2,015-8511,秋田県,由利本荘市川口字家後３８番地,39.40478,140.06136,2,東北
169,雄勝中央病院,163,28.55,155,32.36,171 ,31.6,162,26.3,210,30.1,184,37,012-0055,秋田県,湯沢市山田字勇ヶ岡２５,39.14564,140.45462,2,東北
170,仙北組合総合病院,313,26.07,333,24.9,292 ,33.1,360,26.6,364,22.8,336,17.9,014-0027,秋田県,大仙市大曲通町１番３０号,39.46399,140.47762,2,東北
171,山形市立病院済生館,407,22.37,354,21.97,460 ,21.8,554,22.3,624,19.5,458,22.1,990-0042,山形県,山形市七日町１ー３ー２６,38.25326,140.33748,2,東北
172,米沢市立病院,136,21.71,147,21.54,151 ,18.6,198,20.7,148,19.6,140,18.4,992-8502,山形県,米沢市相生町６ー３６,37.90482,140.11868,2,東北
173,鶴岡市立荘内病院,364,19.35,408,18.53,420 ,19,494,16.5,522,17.3,526,16.3,997-8515,山形県,鶴岡市泉町４番２０号,38.73186,139.82999,2,東北
174,山形県立河北病院,193,25.53,170,22.52,203 ,22.4,194,21.4,198,24.8,292,18,999-3511,山形県,西村山郡河北町谷地字月山堂１１１,38.41399,140.30927,2,東北
175,公立置賜総合病院,277,23.3,306,22.27,257 ,24.1,282,27.4,210,27.1,242,26.8,992-0601,山形県,東置賜郡川西町西大塚２０００,38.0463,140.06004,2,東北
176,済生会福島総合病院,27,14.41,18,8.67,24 ,12.2,42,9.4,48,25.5,40,14.4,960-1101,福島県,福島市大森字下原田２５,37.72548,140.44516,2,東北
177,会津中央病院,210,16.4,263,18.83,244 ,20.1,376,13.5,404,20.3,442,19.1,965-8611,福島県,会津若松市鶴賀町１ー１,37.522,139.94608,2,東北
178,公立岩瀬病院,61,32.39,74,25.78,49 ,27.4,44,38.8,48,24.2,60,27.1,962-0856,福島県,須賀川市北町２０,37.2944,140.37381,2,東北
179,社会保険二本松病院,49,15.39,62,17.4,83 ,20.1,86,22.3,86,21.4,60,28.1,964-0871,福島県,二本松市成田町１ー５５３,37.59037,140.42227,2,東北
180,北福島医療センター,45,23.24,78,20.18,67 ,25.4,100,23.9,114,30.5,110,34.3,960-0502,福島県,伊達市箱崎字東２３ー１,37.81883,140.52144,2,東北
181,公立藤田総合病院,117,20.03,98,23.42,113 ,21.9,162,20.8,166,19.1,150,21.2,969-1751,福島県,伊達郡国見町大字塚野目字三本木１４,37.87297,140.54068,2,東北
182,水戸赤十字病院,91,19.03,107,20.67,108 ,24.9,86,25.8,126,21.8,220,23.6,310-0011,茨城県,水戸市三の丸３−１２−４８,36.37239,140.48592,3,関東
183,友愛記念病院,110,17.41,109,18.28,109 ,14.9,154,16.1,108,19,114,22.1,306-0232,茨城県,古河市東牛谷７０７,36.20855,139.74577,3,関東
184,北茨城市立総合病院,38,39.71,11,41.55,229 ,17,146,15.5,30,9.1,122,15.4,319-1704,茨城県,北茨城市大津町北町４−５−１５,36.84271,140.78076,3,関東
185,医療法人　つくばセントラル病院,57,24.74,40,19.9,44 ,22.4,30,18.2,34,24.5,46,26,300-1211,茨城県,牛久市柏田町１５８９−３,35.9819,140.1573,3,関東
186,なめがた地域総合病院,95,31.06,89,36.87,119 ,37.4,124,35.5,88,39.3,84,24.5,311-3516,茨城県,行方市井上藤井９８−８,36.06973,140.45705,3,関東
187,茨城西南医療センター病院,232,19.66,187,24.26,191 ,24.7,248,25.0,224,21.7,224,18.8,306-0433,茨城県,猿島郡境町２１９０,36.11054,139.798442,3,関東
188,佐野厚生農業協同組合連合会　佐野厚生総合病院,141,19.49,117,19.99,155 ,23.3,202,21.0,182,23.2,210,20.1,327-8511,栃木県,佐野市堀米町１７２８番地,36.32506,139.57274,3,関東
189,上都賀厚生農業協同組合連合会　上都賀総合病院,95,20.32,87,18.16,129 ,23.9,98,15.1,68,17.4,110,18.8,322-8550,栃木県,鹿沼市下田町１−１０３３,36.56156,139.75072,3,関東
190,学校法人獨協学園　獨協医科大学日光医療センター,35,20.06,42,23.17,31 ,13.5,44,20.9,60,20.7,26,23.8,321-2523,栃木県,日光市高徳６３２番地,36.78741,139.70511,3,関東
191,日本赤十字社栃木県支部足利赤十字病院,167,19.56,176,20.52,284 ,21.6,226,20.9,302,24.7,344,19,326-0808,栃木県,足利市本城３−２１００,36.34185,139.4476,3,関東
192,国際医療福祉大学病院,89,21.08,111,22.3,81 ,18.6,88,24.4,54,26.7,94,32,329-2763,栃木県,那須塩原市井口５３７−３,36.91302,139.97386,3,関東
193,前橋赤十字病院,280,18.86,261,19.7,279 ,20.5,314,18.5,308,17,318,17.9,371-0014,群馬県,前橋市朝日町３ー２１ー３６,36.38541,139.0864,3,関東
194,伊勢崎市民病院,202,18.05,186,20.46,237 ,20.6,260,19.3,354,20.9,228,18.4,372-0817,群馬県,伊勢崎市連取本町１２番地１,36.32281,139.17825,3,関東
195,北関東循環器病院,33,19.52,40,21.68,52 ,18.3,68,14.1,62,19.7,42,17.2,377-0061,群馬県,渋川市北橘町下箱田７４０,36.45564,139.04657,3,関東
196,黒沢病院,92,20.26,112,21.85,85 ,26.5,84,24.0,110,22.4,112,23.1,370-0852,群馬県,高崎市中居町３ー１９ー２,36.31457,139.04059,3,関東
197,公立藤岡総合病院,199,21.84,240,20.81,215 ,20.3,274,19.2,260,20.2,214,22.6,375-8503,群馬県,藤岡市藤岡９４２ー１,36.25176,139.07611,3,関東
198,公立富岡総合病院,236,16.25,227,18.15,239 ,16.2,260,14.9,284,15.7,236,15,370-2393,群馬県,富岡市富岡２０７３ー１,36.26357,138.90416,3,関東
199,西吾妻福祉病院,33,13.24,41,15.51,37 ,15.9,64,17.8,48,12.6,36,12.4,377-1308,群馬県,吾妻郡長野原町大字大津７４６−４,36.55964,138.60059,3,関東
200,桐生厚生総合病院,227,21.92,214,22.7,227 ,19.3,234,16.2,276,18.6,204,15.7,376-0024,群馬県,桐生市織姫町６ー３,36.40548,139.3275,3,関東
201,館林厚生病院,249,12.92,227,13.79,229 ,14.7,278,14.3,304,14.4,320,13.3,374-8533,群馬県,館林市成島町２６２−１,36.24868,139.5191,3,関東
202,埼玉社会保険病院,108,21.51,108,20.52,103 ,24.7,106,24.3,150,21,154,18.8,330-0074,埼玉県,さいたま市浦和区北浦和４−９−３,35.87257,139.64355,3,関東
203,埼玉協同病院,116,14.66,123,16.38,137 ,16.1,186,14.8,176,21.4,160,17.7,333-0831,埼玉県,川口市木曽呂１３１７,35.85958,139.71652,3,関東
204,川口市立医療センター,193,16.83,228,20.95,209 ,22.6,214,15.7,232,18.4,178,19.9,333-0833,埼玉県,川口市大字西新井宿１８０,35.84398,139.73065,3,関東
205,医療法人　武蔵野総合病院,259,14.98,211,20.16,173 ,19,220,18.4,220,16.9,234,22.2,350-1167,埼玉県,川越市大袋新田９７７−９,35.88956,139.44658,3,関東
206,秀和綜合病院,113,25.24,114,31.24,132 ,29.6,132,23.6,108,18.7,74,13.7,344-0035,埼玉県,春日部市谷原新田１２００番地,35.96094,139.74757,3,関東
207,春日部市立病院,116,16.36,96,14.71,116 ,19,142,15.5,112,18.4,118,14.9,344-8588,埼玉県,春日部市中央七丁目２番地１,35.974,139.75507,3,関東
208,越谷市立病院,237,19.59,265,17.85,252 ,17.3,276,18.0,280,18.1,224,18.5,343-8577,埼玉県,越谷市東越谷１０−４７−１,35.89806,139.80594,3,関東
209,医療法人社団　朝霞台中央総合病院,301,11.51,279,13.04,312 ,15.4,266,17.8,246,16.1,220,21.3,351-0021,埼玉県,朝霞市西弁財１−８−１０,35.81414,139.58423,3,関東
210,埼玉県厚生農業協同組合連合会　熊谷総合病院,88,27.23,104,31.87,129 ,32.6,104,20.3,126,28.1,126,28.6,360-0013,埼玉県,熊谷市中西４−５−１,36.14837,139.39636,3,関東
211,埼玉県立循環器・呼吸器病センター,148,24.32,123,26.24,129 ,28.4,148,21.6,146,25.6,174,22,360-0105,埼玉県,熊谷市板井１６９６,36.10994,139.30627,3,関東
212,医療法人　埼玉成恵会病院,16,16,27,23.41,33 ,19.7,58,15.1,42,15.4,40,19.7,355-0072,埼玉県,東松山市大字石橋１７２１,36.04035,139.37811,3,関東
213,深谷赤十字病院,213,27.94,222,24.73,255 ,24.7,280,20.3,266,22.8,200,23.9,366-0052,埼玉県,深谷市上柴町西５−８−１,36.18322,139.29547,3,関東
214,医療法人　関越病院,137,22.24,129,24.22,112 ,26.2,160,19.8,162,23.4,152,26.6,350-2213,埼玉県,鶴ケ島市大字脚折１４５−１,35.95008,139.3864,3,関東
215,さいたま市立病院,263,18.67,252,17.86,319 ,19.3,262,21.6,266,18.2,264,18.1,336-0911,埼玉県,さいたま市緑区大字三室２４６０番地,35.89079,139.67877,3,関東
216,独立行政法人　労働者健康福祉機構　千葉労災病院,218,20.9,246,21.13,239 ,20.6,210,16.7,256,19.2,216,20.4,290-0003,千葉県,市原市辰巳台東２‐１６,35.52191,140.15811,3,関東
217,医療法人財団東京勤労者医療会　東葛病院,60,12.7,103,15.65,67 ,14,90,14.5,86,19,62,9.9,270-0174,千葉県,流山市下花輪４０９,35.86834,139.90225,3,関東
218,国保松戸市立病院,146,23.03,179,21.84,180 ,27.8,166,21.4,204,23.5,206,22.8,271-8511,千葉県,松戸市上本郷４００５,35.7958,139.91878,3,関東
219,東京歯科大学市川総合病院,302,17.73,310,19.94,344 ,20.5,338,17.6,294,16.9,356,21.4,272-0824,千葉県,市川市菅野５‐１１‐１３,35.73257,139.92137,3,関東
220,医療法人沖縄徳洲会千葉徳洲会病院,181,16.55,168,16.65,195 ,24,178,23.2,218,18.2,182,22.8,274-8503,千葉県,船橋市習志野台１‐２７‐１,35.72571,140.03897,3,関東
221,社会福祉法人　聖隷福祉事業団　聖隷佐倉市民病院,40,23.88,52,23.13,44 ,25.2,56,30.8,50,25.9,36,19.8,285-8765,千葉県,佐倉市江原台２−３６−２,35.73668,140.20018,3,関東
222,日本赤十字社　成田赤十字病院,307,21.89,303,21.06,245 ,20.6,336,22.0,398,20.6,278,24.2,286-8523,千葉県,成田市飯田町９０−１,35.76501,140.30331,3,関東
223,医療法人沖縄徳洲会　四街道徳洲会病院,96,28.75,92,23.65,71 ,24.3,62,22.1,74,22.5,88,20,284-0032,千葉県,四街道市吉岡１８３０−１,35.6289,140.18649,3,関東
224,千葉県立佐原病院,130,22.09,101,18.3,107 ,20.9,72,17.7,60,16.4,48,10,287-0003,千葉県,香取市佐原イ２２８５,35.8862,140.50996,3,関東
225,社会福祉法人　三井記念病院,198,14.47,152,12.51,177 ,14,174,15.8,128,19.9,150,16.5,101-0024,東京都,千代田区神田和泉町１番地,35.69904,139.77773,3,関東
226,せんぽ東京高輪病院,121,18.4,115,14.27,99 ,20.9,128,18.4,102,22.6,80,21.3,108-0074,東京都,港区高輪三丁目１０番１１号,35.63126,139.73177,3,関東
227,国際医療福祉大学三田病院,47,25.55,72,25.06,89 ,25.1,80,25.2,78,28.4,72,30.3,108-8329,東京都,港区三田一丁目４番３号,35.65325,139.7426,3,関東
228,東京厚生年金病院,154,19.32,170,18.61,192 ,20.9,162,17.1,166,18,118,14.1,162-0821,東京都,新宿区津久戸町５番地１,35.70366,139.74222,3,関東
229,社会保険中央総合病院,56,14.89,78,17.06,55 ,27.1,90,17.5,110,14.5,92,20,169-0073,東京都,新宿区百人町三丁目２２番１号,35.70483,139.69846,3,関東
230,株式会社　日立製作所　小平記念　東京日立病院,29,12.72,42,20.26,23 ,12.6,34,18.6,52,17.8,48,19.9,113-0034,東京都,文京区湯島三丁目５番７号,35.70438,139.76784,3,関東
231,東京都立駒込病院,64,17.17,72,15.85,44 ,13.2,56,25.4,70,17.3,82,16.7,113-0021,東京都,文京区本駒込三丁目１８番２２号,35.72998,139.75623,3,関東
232,東京都立墨東病院,312,18.29,331,18.39,367 ,19.3,388,17.4,316,16.9,260,21.2,130-0022,東京都,墨田区江東橋四丁目２３番１５号,35.69513,139.81874,3,関東
233,城東社会保険病院,18,22.33,54,24.02,80 ,20.9,56,22.0,62,25.4,62,21.8,136-0071,東京都,江東区亀戸九丁目１３番１号,35.69517,139.84564,3,関東
234,東芝病院,45,23.96,35,22.8,56 ,24.5,20,16.0,44,18.8,70,22.8,140-0011,東京都,品川区東大井六丁目３番２２号,35.60152,139.73489,3,関東
235,昭和大学病院附属東病院,225,19.38,252,18.39,235 ,19.5,218,19.6,202,24,222,19.1,142-0054,東京都,品川区西中延二丁目１４番１９号,35.60963,139.70554,3,関東
236,国家公務員共済組合連合会　東京共済病院,96,23.63,121,28.5,111 ,26.6,130,22.8,122,30,130,24.9,153-0061,東京都,目黒区中目黒二丁目３番８号,35.64097,139.7048,3,関東
237,東京労災病院,207,21.19,192,22.7,209 ,22.9,206,20.1,216,18.8,210,17.1,143-0013,東京都,大田区大森南四丁目１３番２１号,35.56576,139.74698,3,関東
238,日本赤十字社東京都支部　大森赤十字病院,178,26.72,165,21.1,163 ,22.5,166,23.6,148,16.9,240,19.3,143-0024,東京都,大田区中央四丁目３０番１１号,35.5794,139.71796,3,関東
239,社会保険蒲田総合病院,80,24.75,112,23.1,124 ,21,108,33.9,120,28.3,124,24.7,144-0035,東京都,大田区南蒲田二丁目１９番２号,35.55422,139.72472,3,関東
240,東京都立広尾病院,117,21.8,116,23.35,121 ,22.4,140,23.1,114,24.3,158,23.9,150-0013,東京都,渋谷区恵比寿二丁目３４番１０号,35.64704,139.72148,3,関東
241,東京医療生活協同組合中野総合病院,156,17.5,191,18.16,201 ,18.2,218,19.7,180,20.9,158,21.1,164-0011,東京都,中野区中央四丁目５９番１６号,35.70247,139.66679,3,関東
242,立正佼成会附属佼成病院,127,18.54,120,19.83,132 ,25.2,96,24.1,176,26.7,166,23.3,164-0013,東京都,中野区弥生町五丁目２５番１５号,35.69067,139.66853,3,関東
243,医療法人財団　荻窪病院,20,15.75,19,18.42,23 ,20.1,26,25.3,22,12.8,34,32.9,167-0035,東京都,杉並区今川三丁目１番２４号,35.7152,139.60747,3,関東
244,東京都立大塚病院,107,24.17,105,19.9,89 ,29.8,142,19.8,146,24.2,234,16.1,170-0005,東京都,豊島区南大塚二丁目８番１号,35.72441,139.7316,3,関東
245,東京北社会保険病院,120,20.44,145,22.45,147 ,22.7,278,19.1,196,19.7,242,18.5,115-0053,東京都,北区赤羽台四丁目１７番５６号,35.78375,139.71095,3,関東
246,日本私立学校振興・共済事業団　東京臨海病院,143,20.41,153,19.56,167 ,22.9,172,23.6,116,26.9,124,18.6,134-0086,東京都,江戸川区臨海町一丁目４番２号,35.65206,139.853,3,関東
247,青梅市立総合病院,191,17.54,209,18.14,267 ,20.2,182,16.7,212,16.9,204,18,198-0042,東京都,青梅市東青梅四丁目１６番地５,35.7826,139.28108,3,関東
248,東海大学八王子病院,263,19.86,295,22.08,308 ,22.3,276,24.1,250,19.3,270,25.5,192-0032,東京都,八王子市石川町１８３８番地,35.67384,139.35693,3,関東
249,国家公務員共済組合連合会　立川病院,61,20.84,54,20.19,63 ,18.3,62,20.1,76,10.6,60,14.9,190-0022,東京都,立川市錦町四丁目２番２２号,35.69287,139.42224,3,関東
250,町田市民病院,145,17.62,149,17.68,252 ,23.3,234,22.0,188,20,184,21.7,194-0023,東京都,町田市旭町二丁目１５番４１号,35.55687,139.43839,3,関東
251,東京慈恵会医科大学附属第三病院,164,24.44,126,21.03,88 ,21.4,136,16.5,126,18.9,122,34,201-0003,東京都,狛江市和泉本町四丁目１１番１号,35.64559,139.56781,3,関東
252,日本医科大学多摩永山病院,108,18.1,107,18.18,125 ,24.8,162,26.6,118,17.3,96,22.4,206-0025,東京都,多摩市永山一丁目７番地１,35.63114,139.44624,3,関東
253,稲城市立病院,42,31.93,92,26.99,101 ,26.8,112,33.1,118,28.2,112,25.3,206-0801,東京都,稲城市大丸１１７１番地,35.6421,139.47298,3,関東
254,公立阿伎留医療センター,157,18.09,171,19.68,159 ,23.7,226,17.0,246,18.3,210,15.4,197-0834,東京都,あきる野市引田７８番地１,35.73154,139.27242,3,関東
255,東京逓信病院,122,22.49,139,17.47,160 ,22.6,144,22.3,152,16.9,202,21.2,102-0071,東京都,千代田区富士見二丁目１４番２３号,35.69701,139.74379,3,関東
256,社会保険横浜中央病院,100,17.32,100,17.6,111 ,19.5,114,26.7,142,24.7,176,22.3,231-0023,神奈川県,横浜市中区山下町２６８,35.44093,139.64383,3,関東
257,国家公務員共済組合連合会　横浜南共済病院,229,21.6,179,17.56,152 ,25.7,182,22.4,146,18.5,202,22.7,236-0032,神奈川県,横浜市金沢区六浦東１−２１−１,35.32085,139.62254,3,関東
258,横須賀市立市民病院,60,18.15,73,18.47,76 ,16.2,168,17.0,202,23.1,194,21.9,240-0101,神奈川県,横須賀市長坂１−３−２,35.22287,139.62698,3,関東
259,横須賀市立うわまち病院,121,14.14,117,13.48,121 ,14.9,186,13.0,252,17.6,216,17.9,238-8567,神奈川県,横須賀市上町２−３６,35.27162,139.66837,3,関東
260,国家公務員共済組合連合会　平塚共済病院,242,17.87,222,18.55,279 ,20.5,304,19.9,314,18.4,322,16.5,254-0047,神奈川県,平塚市追分９−１１,35.3382,139.33809,3,関東
261,平塚市民病院,155,26.88,150,23.72,140 ,23.3,160,20.0,180,23.9,120,20.3,254-0065,神奈川県,平塚市南原１−１９−１,35.33649,139.32532,3,関東
262,藤沢市民病院,247,19.67,286,19.24,213 ,19.4,256,16.8,262,18,230,19.3,251-0052,神奈川県,藤沢市藤沢２−６−１,35.35093,139.48241,3,関東
263,小田原市立病院,79,20.71,110,22.78,160 ,21.1,170,20.4,138,17.8,170,21.6,250-0055,神奈川県,小田原市久野４６,35.2677,139.15176,3,関東
264,医療法人尽誠会　山近記念総合病院,83,27.64,115,25.17,101 ,22.5,152,16.3,128,23.2,138,20.3,256-0815,神奈川県,小田原市小八幡３−１９−１４,35.27654,139.20363,3,関東
265,神奈川県厚生農業協同組合連合会　相模原協同病院,127,22.89,115,24.1,131 ,24,186,22.7,228,19.7,268,18.5,252-0143,神奈川県,相模原市緑区橋本２−８−１８,35.59609,139.34067,3,関東
266,社会保険相模野病院,44,15.11,37,17.46,36 ,12.5,36,19.8,26,21.5,28,18.4,252-0206,神奈川県,相模原市中央区渕野辺１−２−３０,35.57291,139.38855,3,関東
267,津久井赤十字病院,69,15.62,84,14.76,89 ,15.7,94,22.3,76,23.1,70,18.7,252-0157,神奈川県,相模原市緑区中野２５６,35.58921,139.25493,3,関東
268,秦野赤十字病院,199,18.76,205,22.63,217 ,23.4,184,18.3,208,17.3,212,16.8,257-0017,神奈川県,秦野市立野台１−１,35.3605,139.22957,3,関東
269,厚木市立病院,152,19.57,145,22.1,119 ,22.3,110,23.1,104,17.2,116,20.2,243-0004,神奈川県,厚木市水引１−１６−３６,35.44836,139.35954,3,関東
270,湘南泉病院,201,13.39,197,8.83,195 ,11.1,198,9.7,142,9,160,11.5,245-0009,神奈川県,横浜市泉区新橋町１７８４,35.44263,139.5132,3,関東
271,社会福祉法人　親善福祉協会　国際親善総合病院,188,19.29,168,20.22,173 ,24.2,128,26.0,180,31.7,130,23,245-0006,神奈川県,横浜市泉区西が岡１−２８−１,35.42472,139.51015,3,関東
272,昭和大学横浜市北部病院,58,16.24,84,15.1,84 ,18.3,90,16.0,112,23,128,18.8,224-8503,神奈川県,横浜市都筑区茅ケ崎中央３５−１,35.54668,139.56999,3,関東
273,医療法人興生会　相模台病院,21,27.95,25,16.84,43 ,32.6,46,21.3,44,26.7,38,20.4,252-0001,神奈川県,座間市相模が丘６−２４−２８,35.50716,139.42795,3,関東
274,川崎市立川崎病院,284,21.23,280,23.36,296 ,24.3,266,26.2,230,29.4,188,27.6,210-0013,神奈川県,川崎市川崎区新川通１２−１,35.52654,139.70624,3,関東
275,日本鋼管病院,73,23.23,61,29.3,63 ,28.7,96,23.7,128,20.6,90,20,210-0852,神奈川県,川崎市川崎区鋼管通１−２−１,35.51968,139.71225,3,関東
276,関東労災病院,123,25.33,128,26.39,116 ,19.4,190,21.3,276,16.8,276,17.2,211-0021,神奈川県,川崎市中原区木月住吉町１−１,35.56825,139.65718,3,関東
277,日本医科大学武蔵小杉病院,61,22.48,69,24.72,113 ,31.2,112,26.2,132,30.8,160,21,211-0063,神奈川県,川崎市中原区小杉町１−３９６,35.57904,139.65808,3,関東
278,帝京大学医学部附属溝口病院,129,23.65,162,23.37,100 ,23.9,98,23.7,142,31.5,144,29.1,213-0001,神奈川県,川崎市高津区溝口３−８−３,35.60302,139.61501,3,関東
279,川崎市立多摩病院,167,20.64,171,25.43,167 ,23.1,154,22.0,204,23,268,20.5,214-8525,神奈川県,川崎市多摩区宿河原１−３０−３７,35.61946,139.57263,3,関東
280,横浜市立市民病院,188,25.39,174,20.3,225 ,25.2,232,21.7,216,20.7,204,17.6,240-0062,神奈川県,横浜市保土ケ谷区岡沢町５６,35.47221,139.59917,3,関東
281,横浜市立みなと赤十字病院,219,23.67,225,22.04,212 ,22.8,214,22.8,222,22.5,208,17.5,231-8682,神奈川県,横浜市中区新山下３−１２−１,35.43664,139.66412,3,関東
282,済生会新潟第二病院,52,25.58,58,21.93,45 ,24.3,46,17.0,82,16,110,18.4,950-1104,新潟県,新潟市西区寺地２８０−７,37.87902,139.00481,4,中部
283,長岡赤十字病院,237,21.35,227,23.62,212 ,22.4,254,22.0,264,21,296,23.3,940-2085,新潟県,長岡市千秋２丁目２９７番地１,37.45864,138.82899,4,中部
284,新潟県厚生農業協同組合連合会　上越総合病院,71,24.96,97,22.25,111 ,31.3,92,24.5,76,21.9,78,13.6,943-8507,新潟県,上越市大道福田１４８番地１号,37.14836,138.25134,4,中部
285,小千谷総合病院,72,33.15,86,28.83,84 ,35,72,27.3,76,17.1,84,16,947-0021,新潟県,小千谷市本町１丁目１３番３３号,37.30955,138.79865,4,中部
286,新潟県立十日町病院,140,28.88,147,30.05,119 ,32.1,170,19.0,152,22.1,174,24.7,948-0055,新潟県,十日町市高山３２番地９,37.13083,138.75218,4,中部
287,富山県立中央病院,149,20.56,150,20.96,163 ,22.8,180,18.5,168,21.4,198,22.8,930-0975,富山県,富山市西長江２丁目２番７８号,36.69255,137.23772,4,中部
288,富山赤十字病院,169,26.72,180,28.19,212 ,28.9,210,22.5,256,21,318,21.2,930-0859,富山県,富山市牛島本町２丁目１番５８号,36.7123,137.20906,4,中部
289,富山県済生会富山病院,369,22.02,392,21.94,388 ,21.8,532,20.0,452,18.9,434,16.4,931-8442,富山県,富山市楠木３３番１,36.73749,137.2549,4,中部
290,八尾総合病院,61,26.74,81,26.99,63 ,33.6,92,21.7,74,24.8,58,14.8,581-0036,大阪府,八尾市沼一丁目４１番地,34.58751,135.60211,5,近畿
291,富山県厚生農業協同組合連合会高岡病院,140,21.1,163,21.34,196 ,24.7,192,22.9,210,20.3,168,22.3,933-8555,富山県,高岡市永楽町５番１０号,36.74368,136.9959,4,中部
292,高岡市民病院,178,27.52,191,24.37,191 ,24.2,150,25.4,148,23.2,136,24.9,933-8550,富山県,高岡市宝町４番１号,36.75774,137.02713,4,中部
293,社会保険高岡病院,57,21.84,66,26.91,75 ,20.4,64,32.1,80,21.6,102,24.1,933-0115,富山県,高岡市伏木古府元町８−５,36.79036,137.04565,4,中部
294,富山県済生会高岡病院,63,28.21,114,22.82,149 ,21,134,23.9,132,24.7,152,20.8,933-0816,富山県,高岡市二塚３８７の１,36.72158,137.01547,4,中部
295,独立行政法人労働者健康福祉機構富山労災病院,227,19.1,223,17.92,239 ,17.9,256,15.9,126,21.4,160,16.2,937-0042,富山県,魚津市六郎丸９９２,36.82143,137.42497,4,中部
296,黒部市民病院,144,20.22,185,20.58,164 ,25.5,232,19.0,208,24,152,23.4,938-0031,富山県,黒部市三日市１１０８番地の１,36.87198,137.44112,4,中部
297,市立砺波総合病院,210,17.89,172,14.92,213 ,16.4,218,19.3,176,15.4,238,14.3,939-1343,富山県,砺波市新富町１番６１号,36.63944,136.9518,4,中部
298,射水市民病院,84,25.42,104,19.45,85 ,24.4,98,18.4,90,24.3,90,17.4,934-0053,富山県,射水市朴木２０番地,36.75966,137.08121,4,中部
299,南砺市民病院,57,12.37,83,15.81,85 ,18.1,60,16.7,64,16,94,18.3,932-0211,富山県,南砺市井波９３８,36.57066,136.9736,4,中部
300,国家公務員共済組合連合会　北陸病院,58,26.24,43,19.16,57 ,18.7,80,18.6,48,21.9,72,17,921-8035,石川県,金沢市泉ヶ丘２丁目１３−４３,36.54243,136.64507,4,中部
301,金沢赤十字病院,68,17.85,69,17.03,59 ,15.7,50,17.4,72,18.9,58,16.9,921-8162,石川県,金沢市三馬２丁目２５１番地,36.53021,136.63626,4,中部
302,石川県立中央病院,175,17.92,195,20.52,196 ,21.4,218,19.0,240,16.4,190,22.3,920-8530,石川県,金沢市鞍月東２丁目１番地,36.5952,136.6288,4,中部
303,金沢社会保険病院,108,23.2,91,23.84,123 ,23.3,150,20.8,194,18.5,190,22.7,920-0013,石川県,金沢市沖町ハの部１５番,36.59148,136.65324,4,中部
304,伊藤病院,34,22,27,22.15,17 ,17.2,46,13.0,22,12,38,18.4,150-0001,東京都,渋谷区神宮前四丁目３番６号,35.66682,139.71069,3,関東
305,公立能登総合病院,169,25.87,110,25.15,148 ,25.4,170,23.7,142,22,118,26.4,926-0816,石川県,七尾市藤橋町ア部６番地４,37.04312,136.94659,4,中部
306,国民健康保険　小松市民病院,97,17.29,117,17.74,108 ,18.5,144,15.3,78,19.3,118,18.6,923-0961,石川県,小松市向本折町ホ６０番地,36.39837,136.4408,4,中部
307,市立輪島病院,72,18.57,72,22.49,67 ,22.8,78,16.3,50,21.3,48,11.3,928-0024,石川県,輪島市山岸町は１番１地,37.37799,136.90091,4,中部
308,加賀市民病院,77,18.6,85,22.81,92 ,21.1,130,17.7,96,19.1,148,19,922-8522,石川県,加賀市大聖寺八間道６５,36.30822,136.30937,4,中部
309,山中温泉医療センター,41,13.68,48,13.35,41 ,14.3,56,11.8,54,10.7,50,12.9,922-0193,石川県,加賀市山中温泉上野町ル１５番地１,36.25354,136.37213,4,中部
310,公立羽咋病院,40,20.98,63,20.4,100 ,22.5,92,23.3,86,16,74,23.1,925-0036,石川県,羽咋市的場町松崎２４番地,36.90088,136.77991,4,中部
311,公立松任石川中央病院,64,20.22,80,25.65,72 ,15.6,88,21.2,126,22.2,120,22,924-0865,石川県,白山市倉光三丁目８番地,36.51088,136.56627,4,中部
312,独立行政法人国立病院機構　金沢医療センター,155,25.94,148,22.01,155 ,26,202,22.6,150,22.6,222,20.8,920-0935,石川県,金沢市下石引町１番１号,36.56075,136.66579,4,中部
313,福井県立病院,176,19.95,179,17.05,123 ,17.8,168,13.8,186,14.8,154,14.7,910-8526,福井県,福井市四ツ井２−８−１,36.06902,136.23752,4,中部
314,福井赤十字病院,287,20.39,266,16.33,345 ,17.8,330,16.0,272,13.2,258,12.6,918-8501,福井県,福井市月見２−４−１,36.04716,136.2131,4,中部
315,福井県済生会病院,233,18.26,231,19,260 ,18.1,276,16.4,262,19.5,288,15,918-8503,福井県,福井市和田中町舟橋７−１,36.04081,136.25035,4,中部
316,福井総合病院,198,14.21,234,14.09,204 ,16.6,178,13.1,148,16.7,144,18.1,910-8561,福井県,福井市江上町第５８号１６番地１,36.12742,136.17189,4,中部
317,福井社会保険病院,217,16.34,200,14.29,208 ,20.6,212,15.7,226,14.2,138,23.3,911-8558,福井県,勝山市長山町２−６−２１,36.07065,136.5078,4,中部
318,公立丹南病院,71,19.38,82,19.99,81 ,27,100,25.1,76,31,62,41,916-8515,福井県,鯖江市三六町１−２−３１,35.96923,136.17784,4,中部
319,社会保険山梨病院,23,13.04,40,17.45,88 ,15.7,86,16.3,64,11.9,86,15,400-0025,山梨県,甲府市朝日三丁目８−３１,35.67091,138.56268,4,中部
320,甲府共立病院,51,19.41,43,16.6,80 ,22,72,20.4,90,24.3,66,15,400-0034,山梨県,甲府市宝一丁目９−１,35.6671,138.56435,4,中部
321,市立甲府病院,94,21.3,84,25.68,131 ,21.7,96,25.0,116,23.9,96,22,400-0832,山梨県,甲府市増坪町３６６,35.63456,138.59123,4,中部
322,国民健康保険　富士吉田市立病院,98,19.7,103,19.86,107 ,19.6,136,18.3,98,14.5,92,16.3,403-0005,山梨県,富士吉田市上吉田６５３０番地,35.46525,138.8067,4,中部
323,山梨赤十字病院,74,17.04,71,19.59,85 ,20.9,112,19.1,146,16.1,104,18.4,401-0301,山梨県,南都留郡富士河口湖町船津字剣丸尾６６６３−１,35.50163,138.77379,4,中部
324,長野赤十字病院,285,20.58,247,25.09,236 ,29.1,254,22.3,250,28.8,300,20.7,380-0922,長野県,長野市若里五丁目２２番１号,36.62771,138.19032,4,中部
325,長野県厚生農業協同組合連合会　長野松代総合病院,237,28.13,242,24.48,355 ,20.6,350,21.0,446,20.4,356,27.4,381-1231,長野県,長野市松代町松代１８３,36.56388,138.1992,4,中部
326,市立岡谷病院,43,18.19,53,22.08,57 ,17.7,30,25.9,44,29.3,42,20.3,394-8512,長野県,岡谷市本町４丁目１１番３３号,36.06577,138.04834,4,中部
327,飯田市立病院,135,27.3,135,24.96,127 ,29.6,156,30.2,112,23.4,178,22.9,395-8502,長野県,飯田市八幡町４３８,35.49915,137.83614,4,中部
328,健和会病院,85,20.28,91,21.79,49 ,16.4,44,15.3,44,14.5,22,12.5,395-8522,長野県,飯田市鼎中平１９３６,35.50551,137.82498,4,中部
329,長野県立須坂病院,45,21.87,96,23.16,168 ,21,132,23.5,176,20.5,150,18.2,382-0091,長野県,須坂市大字須坂１３３２,36.65403,138.30937,4,中部
330,長野県厚生農業協同組合連合会　小諸厚生総合病院,143,19.92,162,16.1,185 ,18.6,148,18.1,198,19.1,188,18.1,384-8588,長野県,小諸市与良町３−２−３１,36.32206,138.43013,4,中部
331,昭和伊南総合病院,103,21.57,100,25.22,108 ,25.2,152,19.6,184,20.6,152,32.5,399-4117,長野県,駒ケ根市赤穂３２３０,35.73735,137.92009,4,中部
332,市立大町総合病院,61,20.21,79,15.01,81 ,16.2,72,12.9,54,20,128,23.2,398-0002,長野県,大町市大町３１３０,36.50054,137.85796,4,中部
333,飯山赤十字病院,43,17.33,56,16.3,80 ,22.9,66,16.2,86,16.7,120,13.1,389-2295,長野県,飯山市大字飯山２２６−１,36.84459,138.36189,4,中部
334,長野県厚生農業協同組合連合会　佐久総合病院,228,24.93,221,20.49,236 ,22.3,268,22.5,310,18.1,356,16.9,384-0301,長野県,佐久市臼田１９７,36.19863,138.48039,4,中部
335,佐久市立国保浅間総合病院,156,18.82,175,15.14,207 ,17.2,164,14.2,180,15.4,138,28.4,385-0022,長野県,佐久市岩村田１８６２−１,36.27057,138.46907,4,中部
336,長野県厚生農業協同組合連合会　安曇総合病院,66,29.15,86,32.31,112 ,31.3,82,31.2,102,16.4,76,14.4,399-8695,長野県,北安曇郡池田町大字池田３２０７−１,36.42165,137.87279,4,中部
337,安曇野赤十字病院,195,19.23,182,17.8,164 ,21.8,188,17.0,222,13.7,228,15.9,399-8292,長野県,安曇野市豊科５６８５,36.30281,137.90886,4,中部
338,岐阜赤十字病院,94,16.82,113,17.19,92 ,17,108,17.2,114,14.3,116,17.1,502-0844,岐阜県,岐阜市岩倉町３−３６,35.43367,136.75639,4,中部
339,岐阜市民病院,163,14.75,189,17.21,185 ,18.1,184,15.3,214,20.3,174,16.5,500-8323,岐阜県,岐阜市鹿島町７−１,35.4141,136.73479,4,中部
340,岐阜県厚生農業協同組合連合会　中濃厚生病院,158,19.13,156,22.35,155 ,19.6,200,19.1,220,20.8,188,17.8,501-3802,岐阜県,関市若草通５−１,35.49508,136.92183,4,中部
341,羽島市民病院,110,26.76,130,23.15,131 ,25,146,21.0,106,20.3,128,25.9,501-6206,岐阜県,羽島市新生町３−２４６,35.32862,136.7095,4,中部
342,岐阜県厚生農業協同組合連合会　岐北厚生病院,53,22.87,86,17.71,76 ,21,60,22.3,96,18.6,94,20,501-2105,岐阜県,山県市高富１１８７−３,35.49202,136.78714,4,中部
343,岐阜県立多治見病院,210,20.72,205,18.19,235 ,19.9,260,18.9,266,18.2,252,18.7,507-8522,岐阜県,多治見市前畑町５−１６１,35.32781,137.11118,4,中部
344,市立恵那病院,64,10.73,40,9.38,44 ,12.6,62,15.1,44,12.6,78,14.1,509-7201,岐阜県,恵那市大井町２７２５,35.46396,137.39323,4,中部
345,土岐市立総合病院,118,18.69,157,19.33,147 ,17.7,190,15.5,166,20.9,194,16.6,509-5122,岐阜県,土岐市土岐津町土岐口７０３−２４,35.33342,137.187,4,中部
346,岐阜県厚生農業協同組合連合会　西美濃厚生病院,61,13.79,56,18.93,57 ,14,68,21.0,92,30.7,70,30.2,503-1316,岐阜県,養老郡養老町押越９８６,35.30521,136.55812,4,中部
347,岐阜県厚生農業協同組合連合会　揖斐厚生病院,136,17.77,117,18.88,120 ,16,142,20.4,162,20.5,176,25.1,501-0619,岐阜県,揖斐郡揖斐川町三輪２５４７−４,35.48338,136.57361,4,中部
348,岐阜県厚生農業協同組合連合会　久美愛厚生病院,101,19.04,138,21.51,119 ,22.9,164,17.8,144,21.5,180,25.1,506-8502,岐阜県,高山市大新町５−６８,36.15469,137.25696,4,中部
349,岐阜社会保険病院,54,18.74,54,14.46,63 ,19.7,92,18.2,142,17.8,206,20.8,509-0206,岐阜県,可児市土田１２２１−５,35.41778,137.0166,4,中部
350,医療法人社団　熱海所記念病院,75,10.68,99,14.55,99 ,14.6,140,17.5,90,18.1,76,10,413-0022,静岡県,熱海市昭和町２０−２０,35.0915,139.06859,4,中部
351,国際医療福祉大学熱海病院,40,20.93,82,25,85 ,25.5,80,21.1,58,23.8,68,23.1,413-0012,静岡県,熱海市東海岸町１３−１,35.10313,139.08284,4,中部
352,沼津市立病院,110,23.91,104,24.78,99 ,21.1,96,18.9,112,26.8,144,20.6,410-0302,静岡県,沼津市東椎路字春ノ木５５０,35.12653,138.83302,4,中部
353,富士宮市立病院,126,17.78,120,17.13,145 ,16.6,150,14.1,126,14.2,180,12.9,418-0076,静岡県,富士宮市錦町３番１号,35.21878,138.61537,4,中部
354,富士市立中央病院,165,20.52,163,17.61,143 ,20.6,180,19.1,174,26.1,242,20,417-8567,静岡県,富士市高島町５０番地,35.15814,138.67133,4,中部
355,共立蒲原総合病院,79,23.43,104,25.41,92 ,32.4,82,39.1,82,23.7,112,36.8,421-3306,静岡県,富士市中之郷２５００番地の１,35.13254,138.61574,4,中部
356,JA静岡厚生連　静岡厚生病院,39,18.87,24,26.42,36 ,37.9,24,20.3,66,36.6,60,24.6,420-0005,静岡県,静岡市葵区北番町２３番地,34.97936,138.37111,4,中部
357,静岡赤十字病院,281,16.75,296,19.06,332 ,17.9,392,18.3,340,15.8,382,18.1,420-0853,静岡県,静岡市葵区追手町８番２号,34.9764,138.38081,4,中部
358,静岡市立清水病院,176,18.57,197,22.98,179 ,26.1,150,26.9,178,29.5,188,23.8,424-0911,静岡県,静岡市清水区宮加三１２３１番地,34.98232,138.49002,4,中部
359,静岡徳洲会病院,72,16.92,78,16.69,73 ,19.1,76,24.8,50,13.4,44,11.5,421-0113,静岡県,静岡市駿河区下川原南１１−１,34.93151,138.3842,4,中部
360,焼津市立総合病院,344,17.95,236,19.83,273 ,21.2,308,21.1,400,15.8,360,19.1,425-8505,静岡県,焼津市道原１０００番地,34.83799,138.30632,4,中部
361,藤枝市立総合病院,150,26.28,224,24.4,257 ,31.4,324,30.2,212,27.4,262,21.8,426-8677,静岡県,藤枝市駿河台四丁目１番１１号,34.86176,138.22878,4,中部
362,市立島田市民病院,205,16.64,254,13.3,241 ,15.4,302,15.4,254,13.7,222,14.8,427-8502,静岡県,島田市野田１２００番地の５,34.84586,138.18333,4,中部
363,菊川市立総合病院,52,19.23,52,17.52,55 ,22.6,66,29.9,54,23.1,74,18.4,439-0022,静岡県,菊川市東横地１６３２番地,34.72697,138.10031,4,中部
364,掛川市立総合病院,169,21.73,176,21.6,216 ,27.6,204,21.3,178,24.6,210,26.4,436-0017,静岡県,掛川市杉谷南一丁目１番地の１,34.761,138.02757,4,中部
365,袋井市立袋井市民病院,81,16.56,64,18.11,71 ,19.8,100,20.4,150,18.3,132,16.8,437-0061,静岡県,袋井市久能２５１５番地の１,34.76994,137.91603,4,中部
366,磐田市立総合病院,220,16.34,255,17.44,247 ,18.6,232,18.0,224,17,190,17.9,438-8550,静岡県,磐田市大久保５１２−３,34.76806,137.85582,4,中部
367,医療法人衆済会　増子記念病院,29,34.62,19,26.37,36 ,34.1,34,21.3,32,23.8,34,21.6,453-0016,愛知県,名古屋市中村区竹橋町３５−２８,35.16843,136.87376,4,中部
368,名古屋セントラル病院,153,19.19,165,19.24,177 ,20.1,156,18.2,132,17.7,132,18.8,453-0801,愛知県,名古屋市中村区太閤３−７−７,35.16407,136.87991,4,中部
369,国家公務員共済組合連合会　名城病院,19,10.26,58,16.14,95 ,18.2,120,15.8,136,12.8,138,13.2,460-0001,愛知県,名古屋市中区三の丸１−３−１,35.18075,136.89967,4,中部
370,みなと医療生活協同組合　協立総合病院,189,19.25,220,21.98,277 ,21.7,296,20.3,254,19.4,238,22.5,456-8611,愛知県,名古屋市熱田区五番町４−３３,35.11682,136.89029,4,中部
371,名古屋掖済会病院,440,17.55,495,15.97,521 ,16,514,15.7,440,15.9,386,16.4,454-0854,愛知県,名古屋市中川区松年町４−６６,35.12035,136.87263,4,中部
372,名古屋共立病院,125,20.42,16,12.69,99 ,11.4,134,8.6,118,10.4,160,11,454-0933,愛知県,名古屋市中川区法華１−１７２,35.12741,136.84837,4,中部
373,社会保険中京病院,348,18.61,333,18.5,353 ,22.2,404,17.8,334,15.3,318,14.6,457-0866,愛知県,名古屋市南区三条１−１−１０,35.11047,136.90103,4,中部
374,大同病院,135,16.84,139,18.04,113 ,18.3,94,16.8,138,22,116,19.1,457-0818,愛知県,名古屋市南区白水町９,35.07479,136.90703,4,中部
375,豊橋市民病院,275,19.24,311,19.55,303 ,20.3,368,15.8,400,17.3,444,17.1,441-8570,愛知県,豊橋市青竹町字八間西５０,34.76119,137.35205,4,中部
376,成田記念病院,62,29.42,65,29.83,52 ,39,50,24.1,82,21.5,88,15.3,441-8021,愛知県,豊橋市白河町７８,34.76072,137.38043,4,中部
377,岡崎市民病院,431,23.71,458,22.38,404 ,23.3,414,26.0,542,21,386,21.9,444-0002,愛知県,岡崎市高隆寺町字五所合３−１,34.94815,137.20442,4,中部
378,総合大雄会病院,161,19.48,172,17.06,168 ,15.4,200,15.4,208,17,230,17.7,491-0036,愛知県,一宮市桜１−９−９,35.30579,136.80675,4,中部
379,一宮市立市民病院,310,17.91,297,18.65,320 ,20.2,314,19.7,316,17.5,294,17.6,491-0041,愛知県,一宮市文京２−２−２２,35.31266,136.806,4,中部
380,公立陶生病院,369,17.07,356,16.2,437 ,15.5,380,12.3,372,13.1,484,18.5,489-0065,愛知県,瀬戸市西追分町１６０,35.22512,137.08282,4,中部
381,半田市立半田病院,268,20.29,271,19.62,293 ,21.8,346,17.2,260,20.5,258,20.2,475-0817,愛知県,半田市東洋町２−２９,34.8912,136.93938,4,中部
382,春日井市民病院,385,19.84,382,21.6,375 ,22.8,354,20.7,326,21.1,292,17.6,486-0804,愛知県,春日井市鷹来町１−１−１,35.27153,136.96901,4,中部
383,豊川市民病院,287,24.28,265,24.97,281 ,25.6,292,20.7,260,18.8,206,16.8,442-0884,愛知県,豊川市光明町１−１９,34.81551,137.37349,4,中部
384,トヨタ記念病院,314,14.09,311,17.84,295 ,17.5,348,15.0,374,12.9,410,11.5,471-0821,愛知県,豊田市平和町１−１,35.05658,137.17665,4,中部
385,愛知県厚生農業協同組合連合会　安城更生病院,458,16.86,428,15.42,528 ,16.4,486,14.9,422,13.8,418,15.1,446-8602,愛知県,安城市安城町東広畔２８,34.93859,137.08038,4,中部
386,西尾市民病院,122,23.14,95,22.93,129 ,18,128,15.5,158,22.6,178,19.4,445-0071,愛知県,西尾市熊味町上泡原６,34.87321,137.06866,4,中部
387,四日市社会保険病院,20,5.45,27,14.56,59 ,14.4,56,14.5,40,15.4,58,13.1,510-0016,三重県,四日市市羽津山町１０−８,34.98882,136.62802,5,近畿
388,鈴鹿回生病院,172,18.09,182,16.95,196 ,22.7,222,24.0,188,16.3,210,20.9,513-0836,三重県,鈴鹿市国府町字保子里１１２番地の１,34.85576,136.50941,5,近畿
389,松阪市民病院,79,18.32,51,16.14,84 ,16.3,88,21.3,106,23.3,76,16.8,515-8544,三重県,松阪市殿町１５５０番地,34.57738,136.52628,5,近畿
390,市立伊勢総合病院,99,16.94,124,18.56,136 ,20.3,214,16.5,284,16.1,278,17.6,516-0014,三重県,伊勢市楠部町３０３８番地,34.48229,136.72797,5,近畿
391,いなべ総合病院,93,28.06,82,21.63,83 ,23.1,142,24.8,118,20.1,134,24.6,511-0428,三重県,いなべ市北勢町阿下喜７７１,35.14716,136.51369,5,近畿
392,紀南病院,110,23.5,128,19.73,113 ,21.7,128,20.6,124,29.9,136,23.9,519-5204,三重県,南牟婁郡御浜町阿田和４７５０,33.80548,136.03802,5,近畿
393,独立行政法人国立病院機構三重中央医療センター,171,19.12,144,18.77,133 ,20,240,16.6,166,14.8,200,15.6,514-1101,三重県,津市久居明神町２１５８−５,34.68576,136.46538,5,近畿
394,社会保険滋賀病院,89,27.58,94,19.51,116 ,21.3,78,20.4,92,21.9,84,37.5,520-0846,滋賀県,大津市富士見台１６番１号,34.98568,135.88504,5,近畿
395,大津赤十字病院,290,22.68,256,22.93,281 ,25.5,276,21.2,300,19.3,276,22.5,520-0046,滋賀県,大津市長等一丁目１番３５号,35.00698,135.85974,5,近畿
396,大津市民病院,111,16.81,158,21.2,169 ,21.2,122,19.6,176,15.2,138,23.1,520-0804,滋賀県,大津市本宮二丁目９番９号,34.99977,135.87694,5,近畿
397,彦根市立病院,187,24.65,140,22.88,147 ,28.2,170,19.5,160,27.3,128,24.3,522-8539,滋賀県,彦根市八坂町１８８２番地,35.26223,136.2263,5,近畿
398,長浜赤十字病院,145,23.9,145,20.21,149 ,25.5,144,25.3,168,25.1,192,17.3,526-0053,滋賀県,長浜市宮前町１４番７号,35.38365,136.27359,5,近畿
399,市立長浜病院,149,16.81,144,14.56,132 ,20.8,150,15.6,146,19.8,150,17.6,526-0043,滋賀県,長浜市大戌亥町３１３番地,35.36864,136.28764,5,近畿
400,近江八幡市立総合医療センター,117,20.77,108,17.84,148 ,19.6,140,20.6,122,20.3,130,17.5,523-0082,滋賀県,近江八幡市土田町１３７９番地,35.12343,136.08685,5,近畿
401,医療法人徳洲会　近江草津徳洲会病院,33,26.58,31,20.23,36 ,27.2,48,40.0,22,44.7,24,18,525-0054,滋賀県,草津市東矢倉三丁目３４番５２号,35.00143,135.95734,5,近畿
402,滋賀県立成人病センター,94,21.03,109,21.08,101 ,17.7,136,17.8,108,11.1,148,29.8,524-0022,滋賀県,守山市守山五丁目４番３０号,35.06126,135.98833,5,近畿
403,公立甲賀病院,148,26.39,135,21.61,137 ,25.2,190,20.0,156,27.9,174,23.9,528-0014,滋賀県,甲賀市水口町鹿深３番３９号,34.96794,136.17032,5,近畿
404,医療法人同仁会（社団）京都九条病院,111,18.12,138,17.34,144 ,18.7,168,21.3,178,29.5,118,21.6,601-8453,京都府,京都市南区唐橋羅城門町１０,34.97839,135.7408,5,近畿
405,医療法人徳洲会　宇治徳洲会病院,147,20.97,164,21.37,164 ,20.1,224,16.5,204,21.9,172,24.4,611-0042,京都府,宇治市小倉町春日森８６番１,34.8992,135.7825,5,近畿
406,宇治武田病院,74,30.14,69,35.83,97 ,26.8,52,20.6,46,19.7,28,16.1,611-0021,京都府,宇治市宇治里尻３６−２６,34.89213,135.80138,5,近畿
407,綾部市立病院,113,32.73,94,31.97,140 ,26.7,130,31.2,100,26.1,118,29.9,623-0011,京都府,綾部市青野町大塚２０−１,35.30527,135.25569,5,近畿
408,医療法人啓信会　京都きづ川病院,90,11.7,88,11.9,109 ,13.1,108,10.8,110,9.3,98,9.3,610-0101,京都府,城陽市平川西六反２６−１,34.86562,135.76138,5,近畿
409,公立南丹病院,165,23.65,166,26.54,141 ,31.3,164,28.9,168,21.8,156,23.9,629-0197,京都府,南丹市八木町八木上野２５,35.07119,135.53015,5,近畿
410,市立福知山市民病院,94,17.12,90,18.58,124 ,13.8,138,11.3,106,17.7,112,19.3,620-8505,京都府,福知山市厚中町２３１,35.30378,135.11169,5,近畿
411,京都市立病院,214,17.91,176,22.64,131 ,19.2,214,22.3,192,22.1,220,18.1,604-8845,京都府,京都市中京区壬生東高田町１−２,34.99744,135.73468,5,近畿
412,京都第二赤十字病院,303,18.45,334,19.83,365 ,18.7,442,15.5,418,17.6,450,16.5,602-8026,京都府,京都市上京区釜座通丸太町上ル春帯町３５５−５,35.018469,135.756569,5,近畿
413,社会保険京都病院,59,21.15,64,21.66,77 ,27.3,88,26.0,108,21.7,150,17.2,603-8151,京都府,京都市北区小山下総町２７,35.0396,135.75883,5,近畿
414,国家公務員共済組合連合会　舞鶴共済病院,19,28.16,24,21.08,21 ,18,22,16.0,38,24.1,46,24.2,625-8585,京都府,舞鶴市字浜１０３５,35.46989,135.39145,5,近畿
415,独立行政法人国立病院機構舞鶴医療センター,154,22.4,175,24.47,231 ,23.3,206,22.5,252,24.4,234,22.1,625-8502,京都府,舞鶴市字行永２４１０,35.46159,135.4023,5,近畿
416,独立行政法人労働者健康福祉機構　大阪労災病院,199,15.81,194,14.67,229 ,14.1,270,16.3,310,12.7,256,16.9,591-8025,大阪府,堺市北区長曾根町１１７９番地の３,34.56723,135.5061,5,近畿
417,近畿大学医学部堺病院,51,15.8,61,19.57,75 ,19.6,64,12.8,80,16.1,62,24.1,590-0132,大阪府,堺市南区原山台二丁７番１号,34.48066,135.49025,5,近畿
418,関西電力病院,130,16.36,137,17.04,155 ,21.3,174,20.2,112,18.5,78,15.5,553-0003,大阪府,大阪市福島区福島２−１−７,34.69303,135.48734,5,近畿
419,医療法人一祐会　藤本病院,38,35.76,38,25.79,63 ,29.6,46,38.2,54,24.7,56,32.1,572-0838,大阪府,寝屋川市八坂町２番３号,34.76535,135.62439,5,近畿
420,和泉市立病院,31,21.94,41,20.07,29 ,19.8,66,25.0,72,13.8,62,19.1,594-0071,大阪府,和泉市府中町四丁目１０番１０号,34.48268,135.42783,5,近畿
421,医療法人橘会　東住吉森本病院,139,17.35,179,21.88,272 ,21,218,23.8,200,18.9,34,12.4,546-0014,大阪府,大阪市東住吉区鷹合三丁目２番６６号,34.61049,135.52765,5,近畿
422,高槻赤十字病院,48,14.92,38,15.55,19 ,14.5,22,23.0,34,18.1,52,24,569-1045,大阪府,高槻市阿武野一丁目１番１号,34.85474,135.5769,5,近畿
423,医療法人大植会　葛城病院,62,12.94,84,14.56,96 ,13.8,80,12.2,50,9.5,66,10.4,596-0842,大阪府,岸和田市真上町２５０番地の１,34.43288,135.40347,5,近畿
424,市立吹田市民病院,93,17.88,104,16.83,104 ,21.6,104,16.3,114,21.9,134,18.2,564-0082,大阪府,吹田市片山町二丁目１３番２０号,34.76923,135.51758,5,近畿
425,大阪赤十字病院,181,21.48,156,19.81,173 ,24,206,22.1,188,19.7,168,22.1,543-0027,大阪府,大阪市天王寺区筆ケ崎町５番３０号,34.66405,135.52547,5,近畿
426,医療法人錦秀会　阪和記念病院,125,16.78,94,18.09,80 ,14.7,116,10.3,118,14.2,116,15.1,558-0011,大阪府,大阪市住吉区苅田七丁目１１番１１号,34.59842,135.5141,5,近畿
427,大阪府立急性期・総合医療センター,147,13.8,157,10.88,132 ,12.9,176,13.2,194,14,234,11.9,558-8558,大阪府,大阪市住吉区万代東三丁目１番５６号,34.6165,135.50473,5,近畿
428,医療法人育和会　育和会記念病院,80,14.4,59,20.27,75 ,20.7,102,19.6,90,23.2,90,14.8,544-0004,大阪府,大阪市生野区巽北三丁目２０番２９号,34.6554,135.55553,5,近畿
429,大阪鉄道病院,10,18,14,12.29,36 ,19.4,46,18.5,48,19.1,44,29,545-0053,大阪府,大阪市阿倍野区松崎町一丁目２番２２号,34.64485,135.51801,5,近畿
430,淀川キリスト教病院,229,23.74,270,22.85,303 ,23.5,280,23.2,284,22.9,254,23.4,533-0032,大阪府,大阪市東淀川区淡路二丁目９番２６号,34.7363,135.51282,5,近畿
431,関西医科大学附属滝井病院,63,18.79,89,21.16,97 ,15.7,60,21.9,126,15,132,17.7,570-0074,大阪府,守口市文園町１０番１５号,34.72872,135.55632,5,近畿
432,松下記念病院,111,19.52,117,17.1,69 ,17.4,100,13.0,126,14.5,86,12,570-0096,大阪府,守口市外島町５番５５号,34.74366,135.56326,5,近畿
433,医療法人行岡医学研究会　行岡病院,27,12.89,29,18.07,28 ,16.8,34,33.6,56,21.6,60,13.3,530-0021,大阪府,大阪市北区浮田二丁目２番３号,34.70983,135.50836,5,近畿
434,富田林病院,29,15.86,29,18.21,32 ,27.5,40,26.5,42,23.1,36,25.3,584-0082,大阪府,富田林市向陽台一丁目３番３６号,34.50305,135.58357,5,近畿
435,医療法人　宝生会　ＰＬ病院,34,28.09,40,19.98,51 ,18.7,90,22.8,76,23.8,74,24.9,584-0091,大阪府,富田林市大字新堂２２０４番地,34.5139,135.58736,5,近畿
436,医療法人徳洲会　八尾徳洲会総合病院,219,18.16,193,19.69,171 ,23.5,218,16.2,216,17.3,198,19.5,581-0011,大阪府,八尾市若草町１番１７号,34.62729,135.6105,5,近畿
437,医療法人讃和会　友愛会病院,161,13.69,187,14.22,165 ,16.3,290,20.3,260,19.3,270,17.2,559-0006,大阪府,大阪市住之江区浜口西三丁目５番１０号,34.60804,135.48482,5,近畿
438,大阪厚生年金病院,223,18.92,188,20.54,217 ,23.2,214,24.5,200,20.6,176,20.7,553-0003,大阪府,大阪市福島区福島四丁目２番７８号,34.69192,135.48228,5,近畿
439,国家公務員共済組合連合会　大手前病院,95,15.51,114,18.36,115 ,17.5,126,20.3,78,12.7,128,11.3,540-0008,大阪府,大阪市中央区大手前一丁目５番３４号,34.68931,135.51929,5,近畿
440,社会福祉法人恩賜財団大阪府済生会吹田病院,118,20.83,129,23.79,160 ,20.7,184,19.1,138,17.8,168,17.5,564-0013,大阪府,吹田市川園町１番２号,34.76166,135.53448,5,近畿
441,市立枚方市民病院,68,25.44,65,22.31,59 ,19.9,102,20.9,68,20.9,112,20.2,573-1197,大阪府,枚方市禁野本町ニ丁目１４番１号,34.81917,135.65706,5,近畿
442,箕面市立病院,59,13.85,53,9.89,69 ,10.8,48,11.2,54,21.2,72,16.3,562-0014,大阪府,箕面市萱野五丁目７番１号,34.82423,135.48363,5,近畿
443,大阪市立総合医療センター,94,19.73,121,15.86,129 ,18.5,146,17.0,152,15.2,156,16.1,534-0021,大阪府,大阪市都島区都島本通二丁目１３番２２号,34.70768,135.52403,5,近畿
444,市立岸和田市民病院,179,20.41,143,21.34,173 ,20.4,192,18.6,152,16,162,16.1,596-0822,大阪府,岸和田市額原町１００１番地,34.46127,135.39584,5,近畿
445,市立堺病院,116,14.5,91,16.18,79 ,15.9,108,18.1,110,15.5,134,20.6,590-0064,大阪府,堺市堺区南安井町一丁１番１号,34.57095,135.47464,5,近畿
446,市立豊中病院,233,21.51,271,23,292 ,20.2,320,15.8,264,17.6,244,19.6,560-0055,大阪府,豊中市柴原町四丁目１４番１号,34.80086,135.45854,5,近畿
447,東大阪市立総合病院,154,15.49,174,19.14,149 ,20.8,190,18.2,170,17.2,166,16.3,578-8588,大阪府,東大阪市西岩田三丁目４番５号,34.66663,135.59805,5,近畿
448,八尾市立病院,75,14.41,55,19.11,37 ,18.1,42,22.3,94,14.2,32,41.1,581-0069,大阪府,八尾市龍華町一丁目３番１号,34.62062,135.58698,5,近畿
449,三菱神戸病院,28,19.46,29,25,21 ,28.4,74,20.7,30,47.3,32,27.6,652-0863,兵庫県,神戸市兵庫区和田宮通６丁目１−３４,34.65482,135.17554,5,近畿
450,医療法人　川崎病院,73,15.67,88,14.8,73 ,15.1,58,14.9,80,13.5,66,14.7,652-0042,兵庫県,神戸市兵庫区東山町３丁目３−１,34.68011,135.16287,5,近畿
451,神戸百年記念病院,21,19.67,24,14.25,33 ,15.5,28,12.1,30,29.2,38,16.9,652-0855,兵庫県,神戸市兵庫区御崎町１丁目９番１号,34.65895,135.1689,5,近畿
452,神戸掖済会病院,133,17.64,98,15.06,71 ,18.8,54,19.4,50,21.1,72,23.1,655-0004,兵庫県,神戸市垂水区学が丘１丁目２１−１,34.65326,135.05307,5,近畿
453,医療法人　明和病院,32,15.13,27,16.11,31 ,13.2,26,9.7,30,9.5,42,10.4,663-8186,兵庫県,西宮市上鳴尾町４−３１,34.72248,135.37019,5,近畿
454,医療法人回生会　宝塚病院,72,24.15,76,25.92,71 ,26.6,70,16.5,70,18.2,62,22.5,665-0022,兵庫県,宝塚市野上２丁目１−２,34.79715,135.34854,5,近畿
455,医療法人尚和会　宝塚第一病院,107,22.31,135,20.27,148 ,19.4,170,27.9,210,16,192,22.1,665-0832,兵庫県,宝塚市向月町１９−５,34.80834,135.36095,5,近畿
456,宝塚市立病院,121,21.03,94,25.9,97 ,26.3,74,25.5,90,26.8,86,25.9,665-0827,兵庫県,宝塚市小浜４丁目５−１,34.80572,135.3667,5,近畿
457,三田市民病院,20,25.3,89,19.9,123 ,24.3,172,17.8,156,15.1,128,16.4,669-1321,兵庫県,三田市けやき台３丁目１番地１,34.90844,135.20003,5,近畿
458,西脇市立西脇病院,412,17.3,439,15.46,460 ,17,542,12.7,396,12.1,420,15.7,677-0043,兵庫県,西脇市下戸田６５２番地の１,34.98809,134.98291,5,近畿
459,市立小野市民病院,54,20.56,85,20.06,84 ,24.2,148,15.4,76,18.2,88,23.1,675-1332,兵庫県,小野市中町３２３,34.84481,134.94135,5,近畿
460,大西脳神経外科病院,434,15.41,509,15.33,433 ,19.2,682,15.3,760,13.4,748,11.4,674-0064,兵庫県,明石市大久保町江井島１６６１番地１,34.68081,134.92543,5,近畿
461,高砂市民病院,75,19.75,86,20.45,116 ,23.7,118,21.7,78,18.8,110,22.7,676-0015,兵庫県,高砂市荒井町紙町３３−１,34.75858,134.79626,5,近畿
462,三木市立三木市民病院,57,15.96,32,17.97,47 ,16.9,46,13.6,60,19.4,80,18.1,673-0402,兵庫県,三木市加佐５８−１,34.80318,134.98592,5,近畿
463,市立加西病院,148,23.06,116,23.08,125 ,17.5,92,19.2,70,19.3,102,18,675-2311,兵庫県,加西市北条町横尾１丁目１３,34.9249,134.84042,5,近畿
464,市立川西病院,50,13.82,63,16.78,41 ,19.3,66,20.1,60,19.4,64,27.9,666-0117,兵庫県,川西市東畦野５丁目２１−１,34.889,135.40666,5,近畿
465,医療法人晋真会　ベリタス病院,135,17.21,167,16.63,200 ,17.8,168,15.1,118,15.8,126,14.2,666-0125,兵庫県,川西市新田１丁目２−２３,34.86111,135.40994,5,近畿
466,公立学校共済組合近畿中央病院,48,18.04,62,22.95,41 ,25.8,80,16.6,86,22.6,78,20,664-0872,兵庫県,伊丹市車塚３丁目１,34.76318,135.40169,5,近畿
467,市立伊丹病院,20,23.8,28,35.11,49 ,18.7,32,16.9,64,27.1,90,19.2,664-0015,兵庫県,伊丹市昆陽池１丁目１００,34.78339,135.39737,5,近畿
468,公立神崎総合病院,46,22.5,42,20.02,49 ,24.9,56,24.2,48,33.2,66,28,679-2493,兵庫県,神崎郡神河町粟賀３８５番地,35.06676,134.77589,5,近畿
469,兵庫県立姫路循環器病センター,425,15.81,368,14.49,387 ,16.2,404,13.8,410,15.2,424,15.4,670-0981,兵庫県,姫路市西庄甲５２０,34.83171,134.65916,5,近畿
470,姫路赤十字病院,120,18.02,92,17,113 ,18.7,118,15.5,132,16.5,152,19.3,670-0063,兵庫県,姫路市下手野１丁目１２−１,34.84423,134.64729,5,近畿
471,医療法人三栄会ツカザキ病院,286,19.57,282,22.94,293 ,21.2,294,19.0,244,18.5,210,18.2,671-1227,兵庫県,姫路市網干区和久６８番１,34.81009,134.59018,5,近畿
472,赤穂市民病院,74,22.2,82,24.8,89 ,23.6,76,22.1,40,33,110,24.8,678-0232,兵庫県,赤穂市中広１０９０番地,34.74315,134.3905,5,近畿
473,神戸赤十字病院,146,21.15,155,20.01,199 ,22.1,192,19.1,210,20.2,254,18,651-0073,兵庫県,神戸市中央区脇浜海岸通１丁目３番１号,34.69614,135.21243,5,近畿
474,西神戸医療センター,108,16.16,106,17.54,109 ,15.3,128,13.8,100,11.8,96,17.7,651-2273,兵庫県,神戸市西区糀台５丁目７−１,34.71688,135.01898,5,近畿
475,明石市立市民病院,57,15.7,34,20.88,59 ,21,58,16.6,68,20.4,94,24.3,673-0848,兵庫県,明石市鷹匠町１−３３,34.65705,134.9904,5,近畿
476,西宮市立中央病院,36,18.78,38,17.61,33 ,21.4,50,12.7,38,14.2,36,21,663-8014,兵庫県,西宮市林田町８−２４,34.75753,135.36212,5,近畿
477,独立行政法人国立病院機構姫路医療センター,160,20.84,175,22.25,176 ,21.1,218,14.0,152,12.4,150,11,670-0012,兵庫県,姫路市本町６８,34.83316,134.69452,5,近畿
478,独立行政法人国立病院機構神戸医療センター,93,22.88,91,22.2,88 ,31.6,100,23.3,112,20,92,19.9,654-0155,兵庫県,神戸市須磨区西落合３丁目１−１,34.68041,135.08449,5,近畿
479,社会福祉法人恩賜財団済生会奈良病院,22,7.95,23,19.48,51 ,26.3,52,24.5,44,26.3,44,15.9,630-8145,奈良県,奈良市八条４丁目６４３番地,34.6684,135.80533,5,近畿
480,市立奈良病院,156,16.72,191,19.72,200 ,20.1,256,17.5,208,18.8,218,15.5,630-8305,奈良県,奈良市東紀寺町一丁目５０番１号,34.67278,135.83519,5,近畿
481,奈良社会保険病院,39,15.13,52,17.38,77 ,22.6,50,18.3,66,12,52,17.9,639-1013,奈良県,大和郡山市朝日町１の６２,34.64729,135.77954,5,近畿
482,社会福祉法人恩賜財団済生会中和病院,149,16.25,128,19.09,91 ,25.4,118,21.6,150,21.5,162,17.3,633-0054,奈良県,桜井市阿部３２３,34.50726,135.83931,5,近畿
483,国保中央病院,21,25,22,31.64,47 ,23.4,20,46.7,44,25.2,52,20.9,636-0302,奈良県,磯城郡田原本町大字宮古４０４−１,34.56261,135.77719,5,近畿
484,大和高田市立病院,97,18.07,105,18.56,127 ,21.2,126,18.9,98,17.2,128,20.9,635-8501,奈良県,大和高田市礒野北町１番１号,34.50982,135.73685,5,近畿
485,社会福祉法人恩賜財団済生会御所病院,146,20.51,127,26.82,104 ,22.1,98,23.9,98,21.6,134,19,639-2306,奈良県,御所市三室２０,34.46143,135.73079,5,近畿
486,宇陀市立病院,29,41.38,52,25.88,69 ,33.5,56,22.0,68,17.8,70,27.9,633-0253,奈良県,宇陀市榛原区萩原８１５番地,34.53079,135.96057,5,近畿
487,奈良県立五條病院,35,20.77,43,19.63,56 ,21.1,66,24.2,46,16.3,30,19.9,637-0034,奈良県,五條市野原西５−２−５９,34.34123,135.69922,5,近畿
488,奈良県立三室病院,126,20.6,141,21.6,157 ,18.7,162,19.7,146,19.5,84,17.4,636-0802,奈良県,生駒郡三郷町三室１丁目１４番１６号,34.60127,135.71129,5,近畿
489,奈良県立奈良病院,108,16.33,127,16.53,120 ,17.5,130,17.1,140,13.1,164,15.5,631-0846,奈良県,奈良市平松１丁目３０番１号,34.67918,135.77431,5,近畿
490,済生会和歌山病院,59,16.46,44,11.75,77 ,19.7,122,15.3,102,20.3,118,14.7,640-8158,和歌山県,和歌山市十二番丁４５,34.23182,135.17316,5,近畿
491,公立那賀病院,161,21.2,197,19.81,167 ,23.1,164,19.8,158,19.1,174,24.4,649-6414,和歌山県,紀の川市打田１２８２,34.26355,135.36609,5,近畿
492,北出病院,24,14.5,28,13.43,24 ,12.3,26,13.3,32,18.2,60,10.9,644-0011,和歌山県,御坊市湯川町財部７２８−４,33.89737,135.15546,5,近畿
493,国保日高総合病院,128,26.92,143,22.66,180 ,26.2,184,22.3,188,20.9,158,28.7,644-0002,和歌山県,御坊市薗１１６番地の２,33.89558,135.15376,5,近畿
494,新宮市立医療センター,184,20.91,163,18.39,160 ,19.6,140,18.8,98,24.1,116,21.2,647-0072,和歌山県,新宮市蜂伏１８番７号,33.68674,135.96411,5,近畿
495,橋本市民病院,149,19.38,120,19.63,136 ,22.5,192,17.5,214,20.1,142,19.3,648-0005,和歌山県,橋本市小峰台二丁目８番地の１,34.35835,135.63553,5,近畿
496,独立行政法人国立病院機構南和歌山医療センター,322,23.6,248,22.41,281 ,22.9,352,20.3,312,22.8,344,20.3,646-0015,和歌山県,田辺市たきない町２７−１,33.70077,135.39943,5,近畿
497,鳥取県立中央病院,166,23.14,217,22.01,185 ,23.4,204,19.8,222,24.8,186,21,680-0901,鳥取県,鳥取市江津７３０,35.5224,134.2117,6,中国
498,鳥取市立病院,174,19.45,205,18.74,235 ,20.6,190,21.4,192,17.8,224,18.6,680-0873,鳥取県,鳥取市的場１丁目１番,35.47439,134.23447,6,中国
499,鳥取生協病院,106,19.07,85,19.45,108 ,16.2,112,17.8,112,14.2,92,19.4,680-0833,鳥取県,鳥取市末広温泉町４５８,35.49562,134.22977,6,中国
500,医療法人同愛会　博愛病院,31,20.84,33,16.82,47 ,21.4,114,27.5,142,23.4,110,38.5,683-0853,鳥取県,米子市両三柳１８８０,35.45577,133.31996,6,中国
501,鳥取県立厚生病院,98,23.43,92,26.75,115 ,28.8,170,19.5,68,19.4,64,20.2,682-0804,鳥取県,倉吉市東昭和町１５０,35.43602,133.84053,6,中国
502,松江赤十字病院,248,21.17,278,19.26,297 ,20.1,260,22.4,254,22.3,244,17.1,690-0886,島根県,松江市母衣町２００番地,35.47155,133.05714,6,中国
503,松江市立病院,108,20.16,128,21.38,141 ,20.3,114,24.2,102,28.1,118,27.3,690-8509,島根県,松江市乃白町３２番地１,35.43845,133.05391,6,中国
504,島根県立中央病院,327,20.8,304,19.15,309 ,22.1,294,22.9,294,23.9,358,26,693-8555,島根県,出雲市姫原四丁目１番地１,35.3745,132.75319,6,中国
505,益田赤十字病院,144,23.07,181,23.91,168 ,23.1,224,22.2,284,18.5,304,20.4,698-0003,島根県,益田市乙吉町イ１０３番地１,34.68367,131.84129,6,中国
506,独立行政法人国立病院機構　浜田医療センター,118,18.42,142,17.28,176 ,18.5,136,20.8,142,22,292,19.7,697-8511,島根県,浜田市浅井町７７７番１２,34.90307,132.08926,6,中国
507,川崎医科大学附属川崎病院,30,15.03,27,14.48,36 ,12.8,108,14.4,84,15.3,114,10.5,700-0821,岡山県,岡山市北区中山下２丁目１ー８０,34.66148,133.92679,6,中国
508,総合病院　水島協同病院,76,15.61,96,12.73,100 ,16.4,130,17.9,110,13.6,90,20.6,712-8025,岡山県,倉敷市水島南春日町１番１号,34.54189,133.74246,6,中国
509,倉敷平成病院,208,12.45,182,11.34,155 ,14.5,172,11.7,114,11.3,150,12.3,710-0826,岡山県,倉敷市老松町４丁目３−３８,34.59348,133.76172,6,中国
510,岡山済生会総合病院,187,20.72,158,19.58,172 ,18.8,200,17.2,176,16.6,264,16,700-0013,岡山県,岡山市北区伊福町１丁目１７番１８号,34.67047,133.91737,6,中国
511,県立広島病院,252,17.38,233,20.88,195 ,21.1,260,20.6,166,16.7,182,19.2,734-8530,広島県,広島市南区宇品神田１丁目５−５４,34.36704,132.46672,6,中国
512,広島赤十字・原爆病院,116,17.96,107,18.87,113 ,18.3,104,16.3,126,20.7,130,14.9,730-8619,広島県,広島市中区千田町１丁目９−６,34.38085,132.45415,6,中国
513,翠清会梶川病院,415,18,473,17.84,471 ,19.4,430,18.4,514,16.5,372,15.9,730-0046,広島県,広島市中区昭和町８−２０,34.38213,132.46501,6,中国
514,広島市立安佐市民病院,236,17.83,213,18.48,219 ,17.8,286,16.4,262,17.7,224,16.3,731-0223,広島県,広島市安佐北区可部南２−１−１,34.50587,132.51604,6,中国
515,荒木脳神経外科病院,205,13.78,211,14.01,236 ,13.7,184,15.5,206,13.5,202,12.2,733-0821,広島県,広島市西区庚午北２丁目８−７,34.39077,132.42192,6,中国
516,国家公務員共済組合連合会　呉共済病院,138,21,179,21.77,187 ,22,208,18.5,96,13.4,204,21.3,737-0811,広島県,呉市西中央２丁目３−２８,34.24876,132.55844,6,中国
517,総合病院　三原赤十字病院,35,33.37,38,26.13,52 ,19.3,48,19.0,44,16.6,44,13.7,723-8512,広島県,三原市東町２丁目７−１,34.40259,133.08966,6,中国
518,広島県厚生農業協同組合連合会　尾道総合病院,138,22.57,97,20.94,175 ,22.3,110,17.6,158,14.3,156,17.7,722-8508,広島県,尾道市古浜町７−１９,34.39908,133.17239,6,中国
519,尾道市立市民病院,200,17.2,173,15.14,159 ,19.8,196,18.4,134,19.3,172,16.9,722-0055,広島県,尾道市新高山３丁目１１７０−１７７,34.42414,133.21501,6,中国
520,公立みつぎ総合病院,152,21.89,120,20.68,132 ,21.1,128,16.4,148,18.6,110,23.7,722-0393,広島県,尾道市御調町市１２４,34.51661,133.1479,6,中国
521,福山市民病院,107,14.33,108,17.74,116 ,19.1,122,22.9,88,22.8,128,20.6,721-8511,広島県,福山市蔵王町５丁目２３−１,34.51106,133.39766,6,中国
522,市立三次中央病院,126,27.77,120,24.93,144 ,25.9,160,27.1,184,27.5,226,22.3,728-8502,広島県,三次市東酒屋町字敦盛５３１,34.78287,132.87804,6,中国
523,済生会広島病院,55,28.95,54,23.2,55 ,19.2,72,18.7,72,20.4,70,20.7,731-4311,広島県,安芸郡坂町北新地２−３−１０,34.35044,132.51865,6,中国
524,マツダ株式会社　マツダ病院,147,22.78,131,21.79,139 ,26.2,144,20.7,100,21.1,98,32.9,735-8557,広島県,安芸郡府中町青崎南２−１５,34.37729,132.50478,6,中国
525,社会保険下関厚生病院,201,18.13,219,16.98,251 ,19.5,302,18.9,310,21.2,376,21,750-0061,山口県,下関市上新地町３丁目３番８号,33.95909,130.91969,6,中国
526,山口県済生会下関総合病院,146,15.88,123,15.57,97 ,14.4,108,14.5,94,17.4,86,17.8,759-6603,山口県,下関市安岡町８丁目５番１号,34.03102,130.9326,6,中国
527,宇部興産株式会社中央病院,178,21.69,185,17.35,167 ,14.8,218,17.8,160,11.1,150,13.2,755-0151,山口県,宇部市大字西岐波７５０,33.96707,131.33035,6,中国
528,済生会山口総合病院,160,22.11,173,22.55,121 ,27.6,142,18.8,178,22.6,206,22.1,753-0078,山口県,山口市緑町２番１１号,34.17118,131.46712,6,中国
529,萩市民病院,17,19.59,29,8.72,35 ,29,28,17.1,42,31,44,21.9,758-0061,山口県,萩市大字椿３４６０番地３,34.39761,131.39714,6,中国
530,綜合病院社会保険徳山中央病院,317,17.94,282,18.07,311 ,24.2,328,18.0,316,19.1,288,19.3,745-8522,山口県,周南市孝田町１番１号,34.04772,131.83427,6,中国
531,山口県立総合医療センター,226,14.33,211,14.7,220 ,18.6,236,16.4,218,14.9,264,18.4,747-8511,山口県,防府市大字大崎７７,34.06599,131.54214,6,中国
532,山口県厚生農業協同組合連合会　長門総合病院,27,21.78,28,14.5,29 ,33.8,28,14.2,44,9,52,19.3,759-4101,山口県,長門市東深川８５,34.38524,131.1971,6,中国
533,徳島県立中央病院,148,14.26,180,16.67,164 ,19.1,138,16.1,168,18,174,14.9,770-8539,徳島県,徳島市蔵本町１丁目１０−３,34.07658,134.52036,7,四国
534,徳島市民病院,85,18.27,97,13.87,103 ,15.3,154,10.8,120,10.1,264,13.3,770-0812,徳島県,徳島市北常三島町２丁目３４番地,34.08156,134.56277,7,四国
535,徳島県立海部病院,73,17.22,77,17.23,75 ,13.7,60,14.7,58,18.9,130,21.6,775-0006,徳島県,海部郡牟岐町大字中村字本村７５の１,33.67092,134.41965,7,四国
536,つるぎ町立半田病院,21,23.9,40,19.9,28 ,21,36,28.4,36,18.5,30,21.7,779-4401,徳島県,美馬郡つるぎ町半田字中藪２３４−１,33.99828,134.02699,7,四国
537,高松市民病院,66,14.94,70,19.87,112 ,24.9,94,20.2,102,16.1,130,14.8,760-8538,香川県,高松市宮脇町二丁目３６番１号,34.33662,134.03221,7,四国
538,高松赤十字病院,127,19.81,144,18.06,91 ,18.3,94,20.9,86,14.5,102,19.1,760-0017,香川県,高松市番町四丁目１番３号,34.34045,134.04332,7,四国
539,独立行政法人　労働者健康福祉機構　香川労災病院,224,15.49,287,18.48,221 ,20.1,290,17.1,344,18.5,316,17.9,763-8502,香川県,丸亀市城東町三丁目３番１号,34.28833,133.8054,7,四国
540,香川県厚生農業協同組合連合会　屋島総合病院,123,30.36,114,23.36,129 ,24.1,140,23.3,160,18.1,120,30.1,761-0186,香川県,高松市屋島西町１８５７番地１,34.34058,134.09795,7,四国
541,国家公務員共済組合連合会　高松病院,33,18.88,48,13.67,47 ,17.5,50,10.9,68,13.6,90,21.7,760-0018,香川県,高松市天神前４番１８号,34.3398,134.04558,7,四国
542,三豊総合病院,269,18.45,351,17.2,317 ,18,366,20.3,290,18.4,358,15.8,769-1695,香川県,観音寺市豊浜町姫浜７０８番地,34.08192,133.64224,7,四国
543,社会福祉法人　恩賜財団　済生会松山病院,131,15.21,119,15.45,125 ,15.6,132,17.5,114,15,144,16.6,791-8026,愛媛県,松山市山西町８８０−２,33.85188,132.72105,7,四国
544,松山赤十字病院,153,18.22,156,18.44,155 ,16.2,154,21.9,228,19.1,192,15.7,790-8524,愛媛県,松山市文京町１番地,33.84846,132.77419,7,四国
545,瀬戸内海病院,66,22.12,76,25.12,112 ,29.6,124,20.9,120,26.1,126,23.1,794-0028,愛媛県,今治市北宝来町二丁目４番地９,34.06597,132.99388,7,四国
546,市立宇和島病院,309,17.18,310,18.21,300 ,17.4,318,18.6,254,22.1,274,19.3,798-8510,愛媛県,宇和島市御殿町１番１号,33.21626,132.5652,7,四国
547,愛媛労災病院,18,15.44,15,18.73,15 ,18.7,106,30.5,82,31,90,27,792-8550,愛媛県,新居浜市南小松原町１３番地２７号,33.97391,133.29251,7,四国
548,いずみの病院,110,15.1,87,12.92,84 ,15.1,70,15.1,92,14.2,86,16.6,781-0011,高知県,高知市薊野北町２丁目１０−５３,33.58033,133.55553,7,四国
549,JA高知病院,23,23.52,19,21.37,24 ,18.7,26,36.7,56,27,64,32.6,783-8509,高知県,南国市明見字中野５２６−１,33.57347,133.61902,7,四国
550,医療法人五月会　須崎くろしお病院,53,16.06,42,14.19,59 ,17.9,80,17.7,70,10.9,96,14.6,785-0036,高知県,須崎市緑町４番３０号,33.41116,133.28882,7,四国
551,医療法人　社団若鮎　北島病院,212,17.89,217,17.64,219 ,20.5,166,21.1,146,24.8,116,16.5,781-1301,高知県,高岡郡越知町越知甲１６６２,33.53059,133.25323,7,四国
552,医療法人　輝栄会　福岡輝栄会病院,126,18.13,121,14.8,177 ,11.5,236,11.3,220,11.2,160,14.3,813-0044,福岡県,福岡県福岡市東区干早５丁目１１番５号,33.647702,130.435078,8,九州
553,福岡市民病院,193,16.71,200,15.1,199 ,18.8,230,15.1,138,17,134,14.9,812-0046,福岡県,福岡県福岡市博多区吉塚本町１３−１,33.60583,130.42274,8,九州
554,医療法人　原三信病院,69,14.84,49,12.33,40 ,18,66,16.6,66,15.8,84,14.3,812-0033,福岡県,福岡県福岡市博多区大博町１−８,33.60145,130.40536,8,九州
555,千鳥橋病院,83,18.72,89,22.55,95 ,19.6,110,17.6,150,16,124,19.8,812-0044,福岡県,福岡県福岡市博多区千代５丁目１８−１,33.6086,130.41199,8,九州
556,福岡青洲会病院,113,16.88,113,15.81,128 ,18.7,128,18.8,98,17.1,100,15.7,811-2311,福岡県,福岡県糟屋郡粕屋町長者原沼ノ内８００番地１,33.61649,130.47699,8,九州
557,国家公務員共済組合連合会　浜の町病院,97,18.09,74,20.69,61 ,20.6,86,18.7,158,18.5,120,18.6,810-0073,福岡県,福岡県福岡市中央区舞鶴三丁目５番２７号,33.59072,130.38805,8,九州
558,福岡赤十字病院,279,16.97,252,16.23,225 ,21.5,252,19.0,280,17.7,240,20.3,815-0082,福岡県,福岡県福岡市南区大楠３丁目１−１,33.57222,130.41397,8,九州
559,公立学校共済組合　九州中央病院,186,18.55,203,19.08,212 ,19.2,256,21.5,172,21.4,154,18.5,815-0032,福岡県,福岡県福岡市南区塩原３丁目２３−１,33.56307,130.42505,8,九州
560,福岡県済生会二日市病院,200,19.97,200,18.72,225 ,21.1,248,20.6,236,19.2,184,19.2,818-8516,福岡県,福岡県筑紫野市湯町三丁目１３番１号,33.48867,130.51527,8,九州
561,福岡大学筑紫病院,72,14.36,66,14.65,65 ,17,284,13.6,278,10.9,258,12.2,818-8502,福岡県,福岡県筑紫野市俗明院一丁目１番１号,33.48199,130.53197,8,九州
562,公立八女総合病院,80,23.51,91,23.05,96 ,25.7,112,22.7,132,18.3,126,18.6,834-0034,福岡県,福岡県八女市高塚５４０−２,33.20507,130.55873,8,九州
563,医療法人聖峰会　田主丸中央病院,64,12.53,46,13.15,45 ,14.2,40,11.0,22,11.6,44,8.3,839-1213,福岡県,福岡県久留米市田主丸町益生田８９２,33.32887,130.68779,8,九州
564,神代病院,26,8.65,27,8.7,21 ,13.1,32,10.6,28,8.4,28,10.6,830-1102,福岡県,福岡県久留米市北野町八重亀３８２番地の１,33.35423,130.62567,8,九州
565,長田病院,55,8.13,32,10.25,65 ,16.6,44,7.8,26,16.2,52,17.4,832-0059,福岡県,福岡県柳川市下宮永町５２３番地１,33.14246,130.4025,8,九州
566,社会保険大牟田天領病院,59,17.15,63,16.57,77 ,20.8,136,20.1,78,13.3,140,14.4,836-0054,福岡県,福岡県大牟田市天領町１丁目１００番地,33.01913,130.4355,8,九州
567,健康保険直方中央病院,45,24.31,36,21.78,32 ,25.8,58,24.3,52,24.5,58,28.2,822-0001,福岡県,福岡県直方市大字感田５２３番地５,33.75834,130.73697,8,九州
568,飯塚病院,316,19.6,331,25.12,339 ,24.3,338,24.6,290,24.7,246,14.5,820-8505,福岡県,福岡県飯塚市芳雄町３番８３号,33.64195,130.69106,8,九州
569,社会保険田川病院,263,19.73,241,19.67,304 ,21.2,290,19.6,234,20.4,226,21.9,826-0023,福岡県,福岡県田川市上本町１０−１８,33.62391,130.79781,8,九州
570,福岡新水巻病院,230,14.03,249,13.85,236 ,14.8,262,13.9,232,16.9,262,14.7,807-0051,福岡県,福岡県遠賀郡水巻町立屋敷１丁目２番１号,33.8523,130.68837,8,九州
571,国家公務員共済組合連合会新小倉病院,138,27.41,129,22.49,99 ,20.8,82,25.1,24,33.8,24,24.3,803-0816,福岡県,福岡県北九州市小倉北区金田一丁目３−１,33.87899,130.86612,8,九州
572,北九州市立医療センター,76,17.78,70,16.66,79 ,19,94,14.6,58,16,52,23,802-0077,福岡県,福岡県北九州市小倉北区馬借二丁目１番１号,33.87921,130.87869,8,九州
573,北九州総合病院,192,21.04,231,21.42,167 ,23.5,298,20.8,318,20.4,272,21.2,800-0257,福岡県,福岡県北九州市小倉南区湯川５丁目１０−１０,33.84507,130.90657,8,九州
574,独立行政法人国立病院機構　福岡東医療センター,225,14.91,255,16.7,248 ,16.7,240,20.1,220,16.1,206,21.8,811-3113,福岡県,福岡県古賀市千鳥１丁目１−１,33.74154,130.4734,8,九州
575,やよいがおか鹿毛病院,24,14.46,24,10.75,35 ,16,46,11.4,74,16.2,36,11.3,841-0005,佐賀県,鳥栖市弥生が丘二丁目１４３番地,33.40511,130.52303,8,九州
576,白石共立病院,67,17.6,64,22.47,69 ,20.5,58,22.6,66,17.1,74,13.1,849-1112,佐賀県,杵島郡白石町大字福田１２９６番地,33.18147,130.14061,8,九州
577,佐賀県立病院好生館,213,20.49,175,21.69,164 ,19.6,172,20.4,144,17.8,134,19.3,840-8571,佐賀県,佐賀市水ヶ江一丁目１２番９号,33.24781,130.30528,8,九州
578,唐津赤十字病院,126,26.19,177,19.51,128 ,27.6,140,22.8,168,21.2,174,22.8,847-8588,佐賀県,唐津市二タ子１丁目５番１号,33.45656,129.95766,8,九州
579,社会福祉法人　恩賜財団　済生会唐津病院,66,12.29,56,15.61,59 ,14.6,56,17.1,58,19.3,42,12.1,847-0852,佐賀県,唐津市元旗町８１７番地,33.45348,129.96465,8,九州
580,佐賀社会保険病院,21,36.38,24,26.17,33 ,27.4,26,13.8,26,25.1,34,32.6,849-8522,佐賀県,佐賀市兵庫南３丁目８番１号,33.26468,130.31862,8,九州
581,聖フランシスコ病院,31,15.9,46,12.46,51 ,11.3,32,14.2,76,13.3,38,13.3,852-8125,長崎県,長崎市小峰町９−２０,32.78348,129.87335,8,九州
582,医療法人徳洲会　長崎北徳洲会病院,56,15.98,50,16.34,40 ,20.7,24,11.7,44,16.9,34,13,852-8061,長崎県,長崎市滑石１丁目１２番５号,32.80748,129.84767,8,九州
583,医療法人厚生会　虹が丘病院,23,17.04,14,14.29,21 ,14.3,52,18.5,36,16.6,58,25.2,852-8055,長崎県,長崎市虹が丘町１番１号,32.79833,129.84521,8,九州
584,医療法人三佼会　宮崎病院,380,23.62,400,25.33,479 ,22,506,22.3,444,25.2,514,30.4,854-0066,長崎県,諫早市久山町１５７５−１,32.82876,130.00203,8,九州
585,長崎労災病院,234,20.69,187,21.46,197 ,23.1,262,16.3,222,18.1,178,16.2,857-0134,長崎県,佐世保市瀬戸越２丁目１２−５,33.20966,129.7323,8,九州
586,長崎市立市民病院,62,20.45,48,18.83,63 ,22.1,46,17.7,56,19.6,74,21.6,850-0842,長崎県,長崎市新地町６−３９,32.74051,129.87425,8,九州
587,社会福祉法人　十善会病院,229,17.29,231,15.27,257 ,16.1,280,16.4,254,16.4,312,18.7,850-0905,長崎県,長崎市篭町７−１８,32.74004,129.87653,8,九州
588,公立新小浜病院,65,18.28,81,16.51,71 ,15.4,104,11.1,78,16.1,84,19.2,854-0593,長崎県,雲仙市小浜町南本町９３番地,32.72245,130.21198,8,九州
589,熊本セントラル病院,78,16.5,62,19.74,64 ,12.8,82,18.9,52,12.7,44,13.7,869-1235,熊本県,菊池郡大津町室９５５,32.87628,130.85367,8,九州
590,独立行政法人国立病院機構熊本医療センター,353,16.75,365,16.35,349 ,16,296,13.7,350,14.8,380,14.9,860-0008,熊本県,熊本市二の丸１の５,32.8036,130.70172,8,九州
591,熊本赤十字病院,471,14.03,478,14.33,484 ,14.3,540,15.6,476,14.7,372,13.8,861-8520,熊本県,熊本市長嶺南２−１−１,32.80716,130.76357,8,九州
592,熊本市立熊本市民病院,255,14.84,277,13.54,243 ,14.7,242,14.9,348,14.1,326,12.8,862-8505,熊本県,熊本市湖東１−１−６０,32.78196,130.74556,8,九州
593,荒尾市民病院,149,20.83,202,20.06,223 ,19.3,184,25.5,204,23.4,174,19.4,864-0041,熊本県,荒尾市荒尾２６００番地,32.97555,130.44597,8,九州
594,健康保険人吉総合病院,189,13.59,175,16.03,175 ,15.6,186,16.7,166,12.9,176,17.5,868-8555,熊本県,人吉市老神町３５,32.2103,130.75818,8,九州
595,公立玉名中央病院,73,19.48,87,20.05,85 ,22.7,92,19.5,100,17,144,15.5,865-0064,熊本県,玉名市中１９５０,32.93162,130.55,8,九州
596,球磨郡公立多良木病院,70,32.44,83,35.2,89 ,35.2,78,28.5,98,29.5,102,18.5,868-0501,熊本県,球磨郡多良木町大字多良木４２１０,32.26488,130.9301,8,九州
597,河野脳神経外科病院,326,17.35,303,16.39,300 ,18.6,290,15.5,344,14.3,306,19.1,870-0127,大分県,大分市大字森町字無田々通２５０番７,33.22857,131.68103,8,九州
598,大分市医師会立アルメイダ病院,103,23.23,132,28.44,157 ,29.5,160,33.0,128,35.1,168,32.2,870-1195,大分県,大分市大字宮崎１５０９−２,33.19346,131.60847,8,九州
599,大分県厚生連鶴見病院,118,19.99,84,19.62,121 ,24.3,112,18.9,128,22.7,92,22.2,874-0833,大分県,別府市大字鶴見４３３３番地,33.29924,131.47714,8,九州
600,大分県済生会日田病院,34,18.76,41,22.12,40 ,17.1,62,18.6,64,15.1,76,19.7,877-1233,大分県,日田市大字三和６４３番地の７,33.34509,130.94121,8,九州
601,健康保険南海病院,113,22.13,120,22.14,148 ,20.3,116,20.6,106,15.6,66,17.4,876-0857,大分県,佐伯市常盤西町１１番２０号,32.96549,131.90005,8,九州
602,高田中央病院,37,18.84,49,21.65,41 ,25.9,52,11.8,56,23.5,36,13.6,879-0617,大分県,豊後高田市新地１１７６番地１,33.55472,131.44002,8,九州
603,佐藤第一病院,130,13.98,162,16.17,164 ,17.5,148,17.7,132,18.4,144,17.8,879-0454,大分県,宇佐市大字法鏡寺７７の１,33.52784,131.34502,8,九州
604,独立行政法人国立病院機構　別府医療センター,130,22.64,138,24.01,160 ,25,206,19.4,134,21.6,158,16.9,874-0025,大分県,別府市大字内竃１４７３番地,33.3316,131.4868,8,九州
605,大分赤十字病院,43,22.93,30,24.6,51 ,20.6,70,19.5,80,20.8,76,19.7,870-0033,大分県,大分市千代町３丁目２番３７号,33.24364,131.60454,8,九州
606,大分県立病院,120,16.72,139,18.77,124 ,18.9,108,15.4,122,18.9,136,19.1,870-0855,大分県,大分市大字豊饒４７６番地,33.20694,131.59923,8,九州
607,県立延岡病院,15,17.13,10,23,27 ,12.9,32,16.0,288,15.1,344,12.2,882-0835,宮崎県,延岡市新小路２丁目１番地１０,32.57032,131.66621,8,九州
608,鹿児島市立病院,131,21.77,159,22.14,112 ,23.4,154,22.1,134,21.3,140,18.8,892-8580,鹿児島県,鹿児島市加治屋町２０−１７,31.58465,130.55289,8,九州
609,今給黎総合病院,114,20.08,128,22.09,103 ,28.1,132,22.5,140,22.7,132,23.4,892-0852,鹿児島県,鹿児島市下竜尾町４番１６号,31.60315,130.55888,8,九州
610,総合病院　鹿児島生協病院,31,11.77,43,10.88,37 ,12.2,52,14.5,36,16.6,62,19.8,891-0141,鹿児島県,鹿児島市谷山中央五丁目２０番１０号,31.51783,130.51373,8,九州
611,鹿児島市医師会病院,37,16.89,25,18.2,35 ,16.2,42,13.3,34,15.4,30,15.9,890-0064,鹿児島県,鹿児島市鴨池新町７番１号,31.55957,130.55647,8,九州
612,出水郡医師会立　阿久根市民病院,70,14.51,89,14.13,101 ,14.6,110,16.0,84,15,86,12,899-1611,鹿児島県,阿久根市赤瀬川４５１３,32.0285,130.19579,8,九州
613,出水総合医療センター,116,16.5,135,19.36,133 ,19.6,148,20.2,108,21.4,180,15.9,899-0131,鹿児島県,出水市明神町５２０,32.11724,130.33432,8,九州
614,川内市医師会立市民病院,117,19.17,143,18.05,145 ,16.3,182,16.6,220,15.7,198,17.4,895-0005,鹿児島県,薩摩川内市永利町西平４１０７番７,31.79945,130.35194,8,九州
615,医療法人おもと会　大浜第一病院,52,11.33,65,13.32,67 ,15.3,68,22.3,98,27.4,44,13.5,900-0005,沖縄県,那覇市天久１０００番地,26.23688,127.68505,8,九州
616,宮古島徳洲会病院,31,17.26,51,21.24,48 ,19.1,74,33.0,42,30.6,38,21.2,906-0014,沖縄県,宮古島市平良字松原５５２−１,24.78748,125.2782,8,九州
617,沖縄県立中部病院,304,16.09,362,14.57,251 ,19,254,14.3,254,16.3,264,15.5,904-2243,沖縄県,うるま市字宮里２８１番地,26.35395,127.83546,8,九州
618,沖縄県立宮古病院,115,15.83,111,20.37,129 ,20.1,110,21.1,128,28,80,22.8,906-0006,沖縄県,宮古島市平良字東仲宗根８０７,24.80246,125.29102,8,九州
619,沖縄県立八重山病院,114,16.37,112,20.24,71 ,18.4,100,18.1,108,18.7,106,19.7,907-0022,沖縄県,石垣市字大川７３２,24.35007,124.16558,8,九州
620,沖縄県立北部病院,172,21.63,187,20.72,180 ,18.4,178,16.8,178,17.2,192,18.4,905-0017,沖縄県,名護市大中２−１２−３,26.5923,127.98663,8,九州
621,社団法人全国社会保険協会連合会　宇都宮社会保険病院,48,29.27,36,19.47,45 ,26.5,82,17.1,66,18.8,86,22.1,321-0143,栃木県,宇都宮市南高砂町１１−１７,36.48193,139.86986,3,関東
622,川崎医療生活協同組合　川崎協同病院,46,11.7,43,10.67,16 ,12.6,32,18.1,24,12.1,38,11,210-0833,神奈川県,川崎市川崎区桜本２−１−５,35.52192,139.72179,3,関東
623,医療法人社団恵愛会　大分中村病院,54,12.57,70,15.64,73 ,14.2,104,15.2,92,14.5,110,24.3,870-0022,大分県,大分市大手町３丁目２番４３号,33.2382,131.61356,8,九州
624,医療法人秀友会　札幌秀友会病院,118,16.08,129,23.36,133 ,21,142,19.4,172,16.6,172,16.8,006-0805,北海道,札幌市手稲区新発寒５条６丁目２番１号,43.11682,141.26842,1,北海道
625,医療法人社団函館脳神経外科　函館脳神経外科病院,352,20.04,352,18.32,400 ,19.3,466,17.3,478,17.1,376,11.3,041-8609,北海道,函館市神山１丁目４番１２号,41.81304,140.76337,1,北海道
626,岩見沢市立総合病院,104,30.21,112,26.12,133 ,28,154,30.5,134,29.4,228,26.2,068-8555,北海道,岩見沢市９条西７丁目２番地,43.1953,141.76559,1,北海道
627,黒石市国民健康保険黒石病院,101,24.4,92,24.88,107 ,25.7,194,21.9,150,26.8,158,24.2,036-0541,青森県,黒石市北美町一丁目７０,40.65594,140.60121,2,東北
628,国家公務員共済組合連合会　東北公済病院,18,14.56,24,18.29,64 ,11.2,40,17.3,22,17.2,44,11.3,980-0803,宮城県,仙台市青葉区国分町　２ー３ー１１,38.26242,140.86807,2,東北
629,医療生協わたり病院,18,14.17,21,13.76,19 ,46.2,50,24.6,30,26.6,50,19.4,960-8141,福島県,福島市渡利字中江町３４,37.74789,140.48267,2,東北
630,医療法人昨雲会　飯塚病院附属有隣病院,54,18.57,60,22.32,48 ,29.8,44,17.8,52,15.8,68,15.8,966-0902,福島県,喜多方市松山町村松字北原３６４３ー１,37.67983,139.869,2,東北
631,医療法人積仁会　島田総合病院,82,22.2,84,39.48,81 ,28.4,86,23.5,68,29,48,28,288-0053,千葉県,銚子市東町５−３,35.73195,140.84175,3,関東
632,医療法人財団慈生会　野村病院,54,12.5,55,10.31,33 ,20.5,46,18.8,40,20.1,30,15.9,181-0013,東京都,三鷹市下連雀八丁目３番６号,35.68387,139.56793,3,関東
633,三浦市立病院,85,18.53,49,20.96,52 ,19.2,66,18.7,48,19.1,70,19.1,238-0222,神奈川県,三浦市岬陽町４−３３,35.14478,139.62831,3,関東
634,福井厚生病院,16,20.44,27,24.33,28 ,39.1,46,18.6,34,20.4,40,15.8,918-8537,福井県,福井市下六条町２０１,36.03677,136.23296,4,中部
635,社会福祉法人　京都社会事業財団　西陣病院,64,13.14,66,14.91,71 ,13.9,102,13.7,92,16.7,70,16.5,602-8319,京都府,京都市上京区五辻通六軒町西入溝前町１０３５,35.032521,135.739661,5,近畿
636,医療法人健康会　総合病院京都南病院,53,31.23,105,30.35,108 ,27.6,136,23.4,114,21.8,116,15.8,600-8876,京都府,京都市下京区西七条南中野町８,34.98894,135.73502,5,近畿
637,医療法人　邦徳会　邦和病院,46,11.5,44,10.86,55 ,13.4,34,11.6,20,24.5,38,18.5,599-8232,大阪府,堺市中区新家町６９７番１,34.54439,135.51183,5,近畿
638,医療法人　医仁会　藤本病院,20,6.6,59,6.34,81 ,7.3,82,7.8,50,15.9,24,19.8,583-0857,大阪府,羽曳野市誉田三丁目１５番２７号,34.55776,135.60802,5,近畿
639,医療法人　大道会　森之宮病院,24,16.75,33,24.73,41 ,18.7,42,16.3,94,15.2,28,10.1,536-0025,大阪府,大阪市城東区森之宮二丁目１番８８号,34.68824,135.53847,5,近畿
640,医療法人弘善会　矢木脳神経外科病院,428,16.81,373,20.7,339 ,18.5,348,20.7,306,26,176,22.1,537-0011,大阪府,大阪市東成区東今里二丁目１２番１３号,34.67801,135.55103,5,近畿
641,医療法人康雄会　西病院,38,15.42,32,16.56,28 ,17.9,48,11.5,40,13.3,38,18.7,657-0037,兵庫県,神戸市灘区備後町３丁目２−１８,34.71428,135.24028,5,近畿
642,医療法人社団　光風会　長久病院,157,14.48,176,14.15,117 ,16,176,16.6,178,14.8,212,19.3,671-1125,兵庫県,姫路市広畑区長町２丁目１,34.79728,134.63367,5,近畿
643,医療法人　桂会　平尾病院,45,25.07,39,20.33,49 ,22.9,56,20.6,50,24,34,17.7,634-0076,奈良県,橿原市兵部町６−２８,34.50497,135.79243,5,近畿
644,町立大淀病院,68,17.35,50,20.3,61 ,19,70,22.9,84,23.6,84,23.3,638-0821,奈良県,吉野郡大淀町下渕３５３−１,34.38446,135.78261,5,近畿
645,医療法人誠和会　倉敷紀念病院,32,7.56,24,12.96,44 ,10.6,48,10.5,30,10.9,24,11.1,710-0803,岡山県,倉敷市中島８３１番地,34.57837,133.73921,6,中国
646,阿南医師会中央病院,22,20.36,26,20.35,23 ,19.5,24,24.8,50,18.3,60,9.6,774-0045,徳島県,阿南市宝田町川原２番地,33.92393,134.64737,7,四国
647,医療法人社団江頭会　さくら病院,37,15.59,56,15.52,51 ,13.1,56,18.4,62,19.2,68,17.7,814-0142,福岡県,福岡県福岡市城南区片江４丁目１６−１５,33.54709,130.37047,8,九州
648,医療法人慈風会　厚地脳神経外科病院,385,16.74,362,17.81,343 ,17.7,424,16.3,468,16.5,404,15.7,892-0842,鹿児島県,鹿児島市東千石町４番１３号,31.59147,130.55185,8,九州
