札幌医科大学附属病院,58,15.28,29,19.66,34,15.1,30,21.4,26,14.1,31,23.9,060-8543,北海道,札幌市中央区南１条西１６丁目２９１番地,43.05523,141.33328
北海道大学病院,50,10.4,36,12.44,29,18.3,31,9.0,30,11.5,27,18.6,060-8648,北海道,札幌市北区北１４条西５丁目,43.07719,141.3454
旭川医科大学病院,73,16.15,107,13.92,71,14.7,58,18.5,69,18.2,75,19.1,078-8510,北海道,旭川市緑が丘東２条１丁目１番１号,43.73004,142.38441
岩手医科大学附属病院,277,19.49,273,18.78,206,21.9,185,23.0,189,23.0,161,20.4,020-0023,岩手,盛岡市内丸１９番１号,39.70515,141.15169
東北大学病院,85,21.11,88,17.85,88,19.7,51,18.3,45,22.6,68,25.1,980-0872,宮城,仙台市青葉区星陵町　１ー１,38.27222,140.86081
秋田大学医学部附属病院,49,20.53,53,20.92,31,32.4,33,19.1,26,23.9,41,19.4,010-0041,秋田,秋田市広面字蓮沼４４ー２,39.72778,140.14882
国立大学法人山形大学医学部附属病院,87,20.16,100,18.08,80,17.7,40,20.5,44,21.9,39,20.8,990-9585,山形,山形市飯田西２ー２ー２,38.2152,140.31744
公立大学法人福島県立医科大学附属病院,68,22.46,78,25.31,57,25.0,44,21.8,58,20.3,42,24.9,960-1295,福島,福島市光が丘１,37.68978,140.46771
筑波大学附属病院,65,18.05,55,21.87,48,19.1,34,13.8,40,12.7,47,14.4,305-8576,茨城,つくば市天久保２−１−１,36.09308,140.10205
自治医科大学附属病院,284,18.52,325,18.25,256,18.3,149,16.7,173,17.8,154,16.6,329-0498,栃木,下野市薬師寺３３１１−１,36.41003,139.86243
獨協医科大学病院,309,21.25,270,24.3,228,25.1,174,19.6,195,19.6,230,20.4,321-0293,栃木,下都賀郡壬生町大字北小林８８０,36.46992,139.82661
国立大学法人群馬大学医学部附属病院,71,17.39,59,19.83,36,17.3,36,17.3,29,16.7,29,23,371-8511,群馬,前橋市昭和町３ー３９ー１５,36.40783,139.06271
埼玉医科大学病院,150,24.11,184,26.18,146,25.5,88,28.1,104,21.5,145,21,350-0451,埼玉,入間郡毛呂山町毛呂本郷３８,35.93594,139.30408
防衛医科大学校病院,140,12.46,90,12.54,63,15.5,52,11.9,54,16.9,57,14.9,359-0042,埼玉,所沢市並木３−２,35.80229,139.46782
千葉大学医学部附属病院,59,15.73,57,16.23,35,18.5,20,17.4,23,13.3,21,17.7,260-0856,千葉,千葉市中央区亥鼻１‐８‐１,35.60474,140.12897
東京慈恵会医科大学附属病院,219,13.52,171,16.14,132,16.0,132,13.8,108,12.4,99,14.5,105-0003,東京,港区西新橋三丁目１９番１８号,35.66369,139.75145
東京医科大学病院,135,19.62,162,15.69,113,17.4,86,15.6,111,16.3,132,16.3,160-0023,東京,新宿区西新宿六丁目７番１号,35.69372,139.69193
東京女子医科大学病院,161,22.37,179,18.67,133,22.1,92,16.4,82,14.4,100,13.2,162-0054,東京,新宿区河田町８番１号,35.69717,139.71962
慶應義塾大学病院,174,21.08,189,19.03,176,19.7,104,19.3,128,19.9,142,17.7,160-0016,東京,新宿区信濃町３５番地,35.68066,139.71906
日本医科大学付属病院,255,17.71,372,18.61,266,18.0,204,22.5,180,16.6,133,20.9,113-0022,東京,文京区千駄木一丁目１番５号,35.72116,139.75909
順天堂大学医学部附属順天堂医院,198,19.03,231,19.02,156,16.8,97,20.3,114,22.2,123,16.7,113-0033,東京,文京区本郷三丁目１番３号,35.70242,139.76257
昭和大学病院,104,3.18,112,3.16,17,16.6,11,18.2,17,6.6,27,15.6,142-0064,東京,品川区旗の台一丁目５番８号,35.60851,139.70354
東邦大学医療センター大森病院,221,15.65,225,13.88,165,17.4,167,16.5,177,15.3,151,15.5,143-0015,東京,大田区大森西六丁目１１番１号,35.56839,139.72392
日本大学医学部附属板橋病院,252,14.88,252,13.4,243,16.7,168,14.7,168,16.5,152,17.6,173-0032,東京,板橋区大谷口上町３０番１号,35.7493,139.69116
帝京大学医学部附属病院,305,15.72,301,16.65,204,19.3,164,17.5,184,19.4,149,25.6,173-0003,東京,板橋区加賀二丁目１１番１号,35.75928,139.71448
杏林大学医学部付属病院,320,24.44,293,28.08,243,24.1,154,25.1,180,20.5,215,23.3,181-0004,東京,三鷹市新川六丁目２０番２号,35.67712,139.56615
東京医科歯科大学医学部附属病院,99,11.04,118,16.14,79,21.8,76,15.4,117,16.8,94,15.7,113-0034,東京,文京区湯島一丁目５番４５号,35.70159,139.76427
東京大学医学部附属病院,106,17.72,99,16.62,99,18.7,79,18.0,91,16.6,77,17.8,113-0033,東京,文京区本郷七丁目３番１号,35.71172,139.76329
公立大学法人　横浜市立大学附属病院,111,15.2,86,17.05,72,12.8,55,17.0,42,16.0,48,20.7,236-0004,神奈川,横浜市金沢区福浦３−９,35.34313,139.65137
北里大学病院,120,23.68,127,26.52,107,28.3,99,18.0,96,20.4,77,22.2,252-0329,神奈川,相模原市南区北里１−１５−１,35.53963,139.39378
東海大学医学部付属病院,234,19.65,292,18.5,233,20.8,170,18.7,205,18.8,164,19.3,259-1143,神奈川,伊勢原市下糟屋字上ノ台１４３,35.40643,139.32886
聖マリアンナ医科大学病院,201,15.12,234,17.99,188,18.7,185,17.5,203,18.3,178,19.9,216-0015,神奈川,川崎市宮前区菅生２−１６−１,35.59938,139.5477
新潟大学医歯学総合病院,67,19.78,81,16.2,83,19.8,47,17.8,42,14.2,59,19.8,951-8520,新潟,新潟市中央区旭町通一番町７５４番地電話番号電話番号電話番号,37.9185,139.0374
国立大学法人富山大学附属病院,45,13.6,59,21.17,60,19.0,30,20.0,51,19.9,73,15.7,930-0152,富山,富山市杉谷２６３０,36.68,137.14232
金沢医科大学病院,103,26.11,120,28.67,100,25.9,68,23.1,91,25.5,90,22.2,920-0293,石川,河北郡内灘町大学１丁目１番地,36.65544,136.64609
福井大学医学部附属病院,146,17.4,145,18.74,147,17.2,101,15.2,83,17.4,97,19.2,910-1193,福井,吉田郡永平寺町松岡下合月２３−３,36.10849,136.29665
山梨大学医学部附属病院,66,18.94,63,16.16,49,21.0,37,15.6,27,19.3,49,13.9,409-3898,山梨,中央市下河東１１１０,35.60887,138.53777
国立大学法人　信州大学医学部附属病院,63,11.76,69,10.55,62,14.5,50,14.9,39,13.2,54,11.4,390-0802,長野,松本市旭３−１−１,36.24998,137.97893
浜松医科大学医学部附属病院,98,16.37,81,15.14,78,19.5,47,17.9,58,14.6,51,16.7,431-3192,静岡,浜松市東区半田山一丁目２０番１号,34.76939,137.74052
名古屋市立大学病院,214,16.62,198,17.35,153,17.4,104,16.0,125,13.6,107,16.2,467-0001,愛知,名古屋市瑞穂区瑞穂町字川澄１,35.1394,136.9352
藤田保健衛生大学病院,341,23.02,365,23.3,270,23.2,253,25.9,223,18.1,246,21.5,470-1101,愛知,豊明市沓掛町田楽ケ窪１−９８,35.06911,137.00583
愛知医科大学病院,273,20.6,269,20.58,210,20.5,139,18.0,130,21.9,142,19.4,480-1195,愛知,愛知郡長久手町大字岩作字雁又２１番地,35.19342,137.0484
名古屋大学医学部附属病院,102,18.82,107,17.1,83,21.5,73,15.0,54,18.0,73,16,466-0065,愛知,名古屋市昭和区鶴舞町６５,35.15776,136.92114
国立大学法人三重大学医学部附属病院,73,14.63,59,13.98,50,13.9,56,13.7,65,10.8,61,10.1,514-0001,三重,津市江戸橋２丁目１７４番地,34.7423,136.52371
滋賀医科大学医学部附属病院,57,16.6,61,18.66,34,18.0,41,17.3,34,15.4,42,16.1,520-2121,滋賀,大津市瀬田月輪町,34.97272,135.94785
京都府立医科大学附属病院,114,15.03,140,13.72,105,17.4,52,18.7,49,16.0,57,15.4,602-8566,京都,京都府京都市上京区河原町通広小路上る梶井町４６５,35.022896,135.770298
京都大学医学部附属病院,191,14.21,191,14.35,116,13.3,120,14.6,100,14.5,83,18.8,606-8507,京都,京都市左京区聖護院川原町５４,35.01956,135.77817
大阪医科大学附属病院,96,19.11,82,22.72,72,23.8,60,18.5,64,16.3,73,16.9,569-0801,大阪,高槻市大学町２番７号,34.85146,135.62485
大阪市立大学医学部附属病院,32,12.84,30,14,21,19.0,26,16.5,30,16.0,23,21.3,545-0051,大阪,大阪市阿倍野区旭町一丁目５番７号,34.64698,135.50899
関西医科大学附属枚方病院,81,17.64,91,19.36,72,16.7,84,14.2,56,15.4,67,18.1,573-1191,大阪,枚方市新町二丁目３番１号,34.81785,135.64507
近畿大学医学部附属病院,122,15.34,99,18.12,70,16.9,59,16.3,79,17.1,64,17.4,589-0014,大阪,大阪狭山市大野東３７７番地の２,34.47376,135.54756
大阪大学医学部附属病院,102,15.87,125,15.36,93,14.4,79,15.2,83,15.7,75,14.7,565-0871,大阪,吹田市山田丘２番１５号,34.82029,135.52365
兵庫医科大学病院,90,18.26,86,18.49,64,20.4,68,16.7,61,15.7,77,18.2,663-8131,兵庫,西宮市武庫川町１−１,34.71872,135.37921
神戸大学医学部附属病院,71,13.46,92,20.2,81,19.6,73,18.3,67,18.7,67,15,650-0017,兵庫,神戸市中央区楠町７丁目５−２,34.68559,135.17096
奈良県立医科大学附属病院,61,18.48,66,19.06,76,21.2,63,16.9,57,17.1,76,16.3,634-0813,奈良,橿原市四条町８４０番地,34.50378,135.79274
和歌山県立医科大学附属病院,248,14.03,218,13.69,174,16.7,156,14.3,140,13.6,140,13.5,641-0012,和歌山,和歌山市紀三井寺８１１番地１,34.18678,135.18321
鳥取大学医学部附属病院,189,20.22,156,19.72,141,21.9,84,18.8,89,19.6,85,19.5,683-0826,鳥取,米子市西町３６−１,35.42899,133.32532
島根大学医学部附属病院,147,16.05,177,18.66,125,19.7,90,17.6,76,21.2,89,21.4,693-0021,島根,出雲市塩冶町８９番１,35.34681,132.75392
川崎医科大学附属病院,401,17.77,394,18.32,380,20.6,293,19.6,296,19.7,266,19.1,701-0192,岡山,倉敷市松島５７７番地,34.63193,133.8105
岡山大学病院,49,10.67,69,9.94,53,9.5,60,9.8,57,10.9,68,8.4,700-8558,岡山,岡山市北区鹿田町２−５−１,34.65062,133.91995
広島大学病院,88,15.17,81,14.15,81,18.8,34,16.6,49,18.6,45,16,734-8551,広島,広島市南区霞１丁目２−３,34.382,132.47987
山口大学医学部附属病院,81,10,91,9.27,74,11.4,58,11.4,50,9.6,58,11.2,755-8505,山口,宇部市南小串１丁目１番１号,33.95947,131.24936
徳島大学病院,130,10.9,170,11.06,131,11.6,96,12.2,78,10.5,91,12.7,770-8504,徳島,徳島市蔵本町２丁目５０番地の１,34.07626,134.51851
香川大学医学部附属病院,47,17.26,61,12.97,38,13.2,39,8.8,43,13.8,49,17.7,761-0793,香川,木田郡三木町大字池戸１７５０番地１,34.294,134.12135
愛媛大学医学部附属病院,47,19.09,56,16.52,45,15.0,80,9.2,77,10.9,93,8.7,791-0295,愛媛,東温市志津川,33.80519,132.87601
高知大学医学部附属病院,47,16.3,62,19.9,48,19.0,36,21.6,36,20.8,48,22.7,783-8505,高知,南国市岡豊町小蓮１８５番地１,33.59785,133.61516
福岡大学病院,326,7.92,268,8.25,152,10.1,125,12.1,84,16.0,67,17.4,814-0180,福岡,福岡県福岡市城南区七隈７丁目４５番１号,33.54673,130.35909
久留米大学病院,68,14.96,82,17.24,75,18.9,43,18.3,56,19.0,47,22.9,830-0011,福岡,福岡県久留米市旭町６７番地,33.32809,130.5114
産業医科大学病院,187,19.14,190,19.69,136,22.3,85,19.2,85,20.5,67,20,807-8555,福岡,福岡県北九州市八幡西区医生ケ丘１−１,33.87718,130.70963
九州大学病院,91,17.49,107,16.9,84,18.6,64,16.9,79,16.9,67,14,812-0054,福岡,福岡県福岡市東区馬出３丁目１−１,33.61189,130.41728
佐賀大学医学部附属病院,176,14.1,197,14.08,124,15.3,69,16.2,74,17.6,82,17.2,849-8501,佐賀,佐賀市鍋島５丁目１番１号,33.28466,130.26442
熊本大学医学部附属病院,49,15.47,28,19.43,42,16.1,34,12.1,42,17.1,41,13.1,860-0811,熊本,熊本市本荘１−１−１,32.79683,130.71162
大分大学医学部附属病院,56,19.14,71,21.55,52,18.7,34,18.1,42,14.3,47,11.4,879-5503,大分,由布市挾間町医大ケ丘１丁目１番地,33.21032,131.53464
宮崎大学医学部附属病院,72,11.92,37,11.54,31,13.8,31,8.9,29,15.8,23,9,889-1692,宮崎,宮崎市清武町木原５２００番地,31.84022,131.39908
琉球大学医学部附属病院,50,26.98,38,28.95,28,34.1,32,22.0,47,16.3,59,12.5,903-0125,沖縄,中頭郡西原町上原２０７,26.24144,127.75933
市立函館病院,149,17.16,136,20.57,158,21.5,91,21.2,82,16.2,67,23,041-8680,北海道,函館市港町１丁目１０番１号,41.8049,140.72853
八戸市立市民病院,398,14.94,421,13.13,306,14.5,223,14.6,189,18.2,146,16.7,031-8555,青森,八戸市大字田向字毘沙門平１,40.49215,141.51309
岩手県立中央病院,380,19.83,388,22.52,284,22.2,190,19.9,199,18.5,240,16.3,020-0066,岩手,盛岡市上田一丁目４番１号,39.71312,141.14525
山形県立中央病院,245,22.24,212,22.28,191,22.4,150,20.9,182,21.4,134,22.3,990-2292,山形,山形市青柳　１８００,38.30104,140.34673
総合病院土浦協同病院,273,21.63,251,21.15,178,20.2,128,18.5,143,20.9,142,24.8,300-0053,茨城,土浦市真鍋新町１１−７,36.08982,140.20952
茨城県立中央病院,186,22.37,214,18.16,179,20.6,118,22.8,99,20.0,116,22.7,309-1793,茨城,笠間市鯉淵６５２８,36.3503,140.32437
筑波メディカルセンター病院,227,21.28,239,21.1,153,20.0,129,23.6,103,20.8,126,18.3,305-8558,茨城,つくば市天久保１−３−１,36.09095,140.1069
自治医科大学附属さいたま医療センター,231,11.32,224,9.43,168,10.2,125,10.8,132,10.0,105,8.1,330-8503,埼玉,さいたま市大宮区天沼町１−８４７,35.90628,139.64594
さいたま赤十字病院,229,22.21,248,22.64,208,31.5,123,23.5,129,24.9,110,24,338-0001,埼玉,さいたま市中央区上落合８ー３ー３３,35.89915,139.62317
埼玉医科大学国際医療センター,374,24.11,356,24.57,247,25.4,238,19.7,248,17.0,189,14.1,350-1298,埼玉,日高市大字山根字稲荷山１３９７番地１,35.91918,139.32307
日本医科大学千葉北総病院,248,16.9,238,17.97,186,18.9,170,15.2,189,13.8,194,14.4,270-1694,千葉,印西市鎌苅１７１５,35.78079,140.1955
虎の門病院,193,15.72,199,14.9,120,12.8,113,13.1,98,17.5,94,16.6,105-0001,東京,港区虎ノ門二丁目２番２号,35.66901,139.74557
東京都済生会中央病院,222,17.39,270,15.47,192,21.9,156,13.4,160,16.2,192,11.8,108-0073,東京,港区三田一丁目４番１７号,35.65325,139.7426
日本赤十字社医療センター,166,17.63,203,16.62,136,18.3,100,19.1,116,17.7,127,19.4,150-0012,東京,渋谷区広尾四丁目１番２２号,35.65443,139.72037
東京医科大学八王子医療センター,132,20.35,148,19.41,143,24.8,125,17.4,132,20.4,93,25.3,193-0944,東京,八王子市館町１１６３番地,35.63195,139.28925
公立昭和病院,434,17.54,376,19.6,258,18.7,184,15.9,180,20.2,162,18.1,187-0004,東京,小平市天神町二丁目４５０番地,35.73136,139.50293
国家公務員共済組合連合会　横須賀共済病院,259,21.22,227,19.54,190,22.6,196,12.9,159,14.0,142,15.8,238-0011,神奈川,横須賀市米が浜通１−１６,35.27649,139.67393
聖マリアンナ医科大学横浜市西部病院,121,20.21,160,18.63,97,20.0,98,18.4,77,18.7,83,31.3,241-0811,神奈川,横浜市旭区矢指町１１９７−１,35.47753,139.50342
昭和大学藤が丘病院,163,13.06,137,13.69,48,18.5,13,17.7,64,22.4,60,19.5,227-8501,神奈川,横浜市青葉区藤が丘１−３０,35.5448,139.52939
新潟市民病院,266,17.48,318,17.87,259,17.5,198,13.8,157,16.7,154,13.5,950-1197,新潟,新潟市中央区鐘木４６３番地７電話番号,37.87598,139.04326
新潟県厚生農業協同組合連合会　長岡中央綜合病院,287,21.33,277,20.05,232,23.1,137,22.1,162,20.1,127,25,940-8653,新潟,長岡市川崎町２０４１番地電話番号,37.45069,138.87849
長野市民病院,215,18.9,240,17.56,153,16.6,117,16.2,102,17.0,103,12.1,381-8551,長野,長野市大字富竹１３３３−１,36.66957,138.25412
諏訪赤十字病院,183,18.48,264,16.86,180,20.8,129,17.9,128,15.0,117,19.2,392-8510,長野,諏訪市湖岸通り５丁目１１ー５０,36.04363,138.10857
岐阜県総合医療センター,275,17.99,270,18.73,211,21.1,131,20.1,140,16.5,137,18,500-8717,岐阜,岐阜市野一色４−６−１,35.41071,136.79875
大垣市民病院,375,25.38,356,24.78,324,26.2,210,24.0,190,22.4,219,23,503-8502,岐阜,大垣市南頬町４−８６,35.35486,136.6214
静岡市立静岡病院,200,16.04,198,15.75,170,16.7,94,12.1,105,14.8,114,19.6,420-8630,静岡,静岡市葵区追手町１０番９３号,34.98054,138.38062
静岡県立総合病院,205,20.25,210,21.9,168,25.9,110,24.6,103,19.6,109,21.2,420-8527,静岡,静岡市葵区北安東四丁目２７番１号,35.00197,138.38741
名古屋第一赤十字病院,290,18.65,289,20.01,246,20.6,202,23.0,185,20.4,215,19.5,453-0046,愛知,名古屋市中村区道下町３−３５,35.17191,136.86296
名古屋第二赤十字病院,656,17.31,619,17.52,507,16.0,315,15.4,352,17.9,311,16.6,466-0814,愛知,名古屋市昭和区妙見町２−９,35.14508,136.96588
独立行政法人労働者健康福祉機構　中部労災病院,161,18.13,187,21.91,159,21.1,100,24.3,90,23.8,112,23.5,455-0018,愛知,名古屋市港区港明１−１０−６,35.10909,136.88899
医療法人豊田会　刈谷豊田総合病院,319,15.86,327,18.21,227,17.2,179,17.0,169,20.9,167,21.4,448-0852,愛知,刈谷市住吉町５−１５,34.98394,137.00578
小牧市民病院,352,16.55,335,15.87,286,15.3,228,13.3,196,14.9,148,15.3,485-0044,愛知,小牧市常普請１−２０,35.28769,136.91748
愛知県厚生農業協同組合連合会　海南病院,205,21.49,173,20.62,118,19.9,131,15.6,120,11.8,127,13.8,498-0017,愛知,弥富市前ヶ須町南本田３９６,35.11178,136.71924
市立四日市病院,373,19.36,369,17.59,255,21.2,216,18.5,247,17.0,250,17.4,510-0822,三重,四日市市芝田二丁目２番３７号,34.97167,136.60875
京都第一赤十字病院,220,16.57,223,16.77,134,16.2,120,18.2,122,19.0,129,16,605-0981,京都,京都市東山区本町十五丁目七四九,34.98011,135.77278
医療法人徳洲会　岸和田徳洲会病院,232,16.69,229,15.48,171,15.4,152,13.3,121,13.0,99,16.2,596-0042,大阪,岸和田市加守町四丁目２７番１号,34.4719,135.3922
大阪警察病院,195,13.7,158,13.28,93,15.1,119,11.3,139,11.4,120,9.9,543-0035,大阪,大阪市天王寺区北山町１０番３１号,34.65894,135.52203
兵庫県立尼崎病院,249,17.72,320,19.2,172,21.5,113,21.4,118,18.5,90,17.6,660-0828,兵庫,尼崎市東大物町１丁目１−１,34.71785,135.42816
公立豊岡病院組合立豊岡病院,235,28.78,306,29.66,206,25.4,174,24.1,162,26.0,105,26.7,668-8501,兵庫,豊岡市戸牧１０９４番地,35.52605,134.80219
近畿大学医学部奈良病院,62,15.63,60,17.43,59,22.0,49,14.0,37,22.3,37,15.1,630-0293,奈良,生駒市乙田町１２４８−１,34.65321,135.72063
広島市立広島市民病院,181,17.22,224,17.42,166,16.3,156,13.6,152,14.9,153,13.9,730-8518,広島,広島市中区基町７−３３,34.3977,132.45988
徳島赤十字病院,313,13.9,330,12.38,241,11.3,185,12.6,165,14.8,130,13.4,773-8502,徳島,小松島市小松島町字井利ノ口１０３番地,34.01215,134.58443
香川県立中央病院,145,18.08,180,18.47,114,18.2,113,19.7,115,22.6,111,19,760-8557,香川,高松市番町五丁目４番１６号,34.33912,134.04109
高知赤十字病院,245,21.96,223,21.11,201,22.3,117,16.2,109,17.0,157,22.7,780-0062,高知,高知市新本町２丁目１３ー５１,33.56932,133.54617
福岡和白病院,228,14.75,204,17.26,134,20.3,111,17.7,141,15.7,143,17.7,811-0213,福岡,福岡県福岡市東区和白丘２丁目２番７５号,33.69186,130.43408
福岡県済生会福岡総合病院,312,12.52,284,12.94,251,14.1,185,13.4,179,13.2,167,11.2,810-0001,福岡,福岡県福岡市中央区天神１丁目３−４６,33.58928,130.40199
九州厚生年金病院,182,17.36,162,14.73,140,18.4,109,15.0,122,12.7,126,13.5,806-8501,福岡,福岡県北九州市八幡西区岸の浦一丁目８番１号,33.85733,130.76631
済生会熊本病院,783,10.74,744,10.87,578,12.4,403,12.3,410,14.0,446,11.9,861-4101,熊本,熊本市近見５−３−１,32.76502,130.70137
県立宮崎病院,86,20.24,88,18.65,72,16.5,54,21.4,68,14.7,53,21.3,880-0017,宮崎,宮崎市北高松町５番３０号,31.91693,131.41684
市立札幌病院,71,22.9,82,24.41,86,23.3,62,20.3,38,15.9,33,15.1,060-8604,北海道,札幌市中央区北１１条西１３丁目１番１号,43.07142,141.33519
医療法人　徳洲会　札幌東徳洲会病院,158,16.52,129,18.53,115,17.0,91,15.7,97,11.6,64,17.5,065-0033,北海道,札幌市東区北３３条東１４丁目３ー１,43.1041,141.36584
ＫＫＲ札幌医療センター,27,22.74,51,25.51,37,29.4,65,19.3,60,19.8,91,16.2,062-0931,北海道,札幌市豊平区平岸１条６丁目３番４０号,43.03656,141.36661
医療法人　柏葉脳神経外科病院,420,16.13,444,14.91,325,17.9,257,18.2,335,12.9,405,13.7,062-8513,北海道,札幌市豊平区月寒東１条１５丁目７番２０号,43.01986,141.40753
医療法人　渓和会　江別病院,220,17.85,208,17.86,173,19.7,128,18.6,122,17.4,167,13.4,069-0817,北海道,江別市野幌代々木町８１番地の６,43.09306,141.51956
市立千歳市民病院,66,19.11,46,24.74,32,20.8,30,19.2,28,24.6,26,19.5,066-8550,北海道,千歳市北光２丁目１番１号,42.84401,141.63983
医療法人　北晨会　恵み野病院,105,23.15,97,25.22,71,31.3,59,26.1,53,28.6,61,28.8,061-1395,北海道,恵庭市恵み野西２丁目３番地５,42.90051,141.57701
共愛会病院,16,14.31,27,15.85,22,16.9,14,16.8,11,16.3,19,11.9,040-0014,北海道,函館市中島町７番２１号,41.78539,140.74062
函館市医師会病院,33,14.21,18,27.78,27,18.8,11,24.8,20,18.1,26,27.3,041-8522,北海道,函館市富岡町２丁目１０番１０号,41.80695,140.75279
旭川赤十字病院,545,16.29,563,17.39,478,17.2,325,14.5,322,15.3,402,14.1,070-8530,北海道,旭川市曙１条１丁目１番１号,43.77018,142.34857
名寄市立総合病院,155,27.72,168,28.76,134,30.7,115,30.9,84,26.7,82,32.4,096-8511,北海道,名寄市西７条南８丁目１番地,44.34839,142.45132
医療法人社団　平成醫塾　苫小牧東病院,66,12.56,65,10.8,50,7.2,32,6.6,25,7.6,24,10.9,053-0054,北海道,苫小牧市明野新町５丁目１番３０号,42.66193,141.63617
王子総合病院,47,19.36,129,24.79,74,24.1,81,27.8,67,26.3,85,24,053-0021,北海道,苫小牧市若草町３丁目４番８号,42.63667,141.60393
苫小牧市立病院,128,21.16,129,27.4,99,25.9,72,23.0,80,21.7,72,19.4,053-8567,北海道,苫小牧市清水町１丁目５番２０号,42.65218,141.60448
市立釧路総合病院,139,30.64,176,28.07,110,35.4,114,26.2,106,24.3,129,24,085-0822,北海道,釧路市春湖台１番１２号,42.97512,144.40109
留萌市立病院,86,30.03,86,35.9,68,22.8,60,23.4,22,23.5,63,25.7,077-8511,北海道,留萌市東雲町２丁目１６番地,43.93073,141.67804
砂川市立病院,152,21.86,151,20.79,129,21.8,96,20.7,140,15.0,128,15.7,073-0196,北海道,砂川市西４条北２丁目１番１号,43.4936,141.90462
あおもり協立病院,81,20.57,93,18.74,62,19.9,23,15.5,42,14.5,39,13.8,030-0847,青森,青森市東大野二丁目１番地１０,40.7993,140.74117
八戸赤十字病院,266,17.58,232,16.02,174,16.9,129,19.3,147,16.4,106,17.6,039-1104,青森,八戸市大字田面木字中明戸２番地,40.50069,141.44772
十和田市立中央病院,203,23.49,244,23.73,217,20.1,111,21.1,87,32.6,90,21.5,034-0093,青森,十和田市西十二番町１４ー８,40.61181,141.2032
盛岡赤十字病院,256,18.74,254,19.11,204,17.3,148,16.0,136,15.3,136,16.5,020-8560,岩手,盛岡市三本柳６地割１番地１,39.66133,141.1664
岩手県立大船渡病院,154,21.1,154,19.07,108,24.1,113,24.2,103,23.9,118,21.8,022-0002,岩手,大船渡市大船渡町字山馬越１０番地１,39.06021,141.69743
岩手県立久慈病院,123,25.01,144,25.7,108,30.8,87,26.7,62,29.9,107,25.4,028-0014,岩手,久慈市旭町第１０地割１番,40.19874,141.77861
岩手県立磐井病院,314,15.43,271,18.6,202,18.7,122,21.0,125,21.0,122,19.1,029-0131,岩手,一関市狐禅寺字大平１７番地,38.93744,141.17313
岩手県立二戸病院,145,28.24,142,29.82,113,27.6,108,23.6,97,26.7,91,28.1,028-6105,岩手,二戸市堀野字大川原毛３８番地２,40.3008,141.30711
岩手県立胆沢病院,342,18.1,302,16.69,223,22.5,132,18.8,150,16.1,139,19.3,023-0864,岩手,奥州市水沢区字龍ヶ馬場６１番地,39.12353,141.13571
石巻赤十字病院,206,17.32,213,18.23,191,18.1,112,19.8,121,13.1,94,17,986-8522,宮城,石巻市蛇田字西道下７１,38.4585,141.27939
公立刈田綜合病院,101,23.44,109,25.06,119,30.1,79,21.9,81,22.0,108,24.9,989-0231,宮城,白石市福岡蔵本字下原沖　３６,38.01168,140.61066
総合南東北病院,158,13.68,129,13.83,124,15.2,170,10.1,132,13.3,109,16.6,963-8563,福島,郡山市八山田７丁目１１５,37.42268,140.38324
大崎市民病院,207,19.86,219,22.47,140,24.8,99,25.0,89,29.3,111,23.3,989-6183,宮城,大崎市古川千手寺町２ー３ー１０,38.57969,140.95625
みやぎ県南中核病院,243,19.14,217,20.29,240,19.9,132,20.1,131,23.5,125,20.8,989-1253,宮城,柴田郡大河原町西　３８ー１,38.06208,140.73286
中嶋病院,50,18.38,75,17.04,58,22.7,58,24.5,29,15.5,40,21.4,983-0835,宮城,仙台市宮城野区大梶　１５ー２７,38.2724,140.90639
仙台市立病院,196,23.15,166,22.81,122,24.6,113,15.8,137,17.6,88,18.9,984-8501,宮城,仙台市若林区清水小路　３ー１,38.25132,140.88162
宮城社会保険病院,17,12.18,21,25.33,24,15.3,11,8.5,19,21.4,13,20.6,981-1103,宮城,仙台市太白区中田町字前沖　１４３,38.19044,140.89987
仙台赤十字病院,31,34.35,36,29.06,21,24.6,14,37.4,17,27.8,16,44.8,982-0801,宮城,仙台市太白区八木山本町　２ー４３ー３,38.23515,140.84373
独立行政法人国立病院機構仙台医療センター,244,19.54,221,18.51,237,19.6,177,15.5,157,17.0,188,14.5,983-0045,宮城,仙台市宮城野区宮城野　２ー８ー８,38.26123,140.90829
市立秋田総合病院,57,28.96,84,21.76,59,23.0,28,21.8,39,23.7,36,22.5,010-0933,秋田,秋田市川元松丘町４番３０号,39.71244,140.10307
秋田赤十字病院,216,18.64,201,19.23,159,22.8,114,22.6,91,29.5,96,21.9,010-1495,秋田,秋田市上北手猿田字苗代沢２２２番地１号,39.68573,140.15761
秋田組合総合病院,188,32.95,199,36.46,156,40.0,116,32.1,115,34.3,110,36.8,011-0948,秋田,秋田市飯島西袋一丁目１番１号,39.76707,140.09256
山本組合総合病院,240,27.28,237,21.98,170,20.3,116,24.9,101,19.1,110,16.5,016-0014,秋田,能代市落合字上前田地内,40.2267,140.02493
市立横手病院,56,25.09,50,20.06,46,22.1,32,23.1,30,26.6,47,37.1,013-0016,秋田,横手市根岸町５ー３１,39.31831,140.5692
平鹿総合病院,234,32.2,221,33.45,233,31.9,162,28.0,156,34.4,114,33.3,013-8610,秋田,横手市前郷字八ツ口３番１,39.31107,140.54895
本荘第一病院,110,21.38,126,19.1,74,28.1,53,19.7,71,17.7,94,19.5,015-0834,秋田,由利本荘市岩渕下１１０番地,39.39261,140.05165
由利組合総合病院,228,30.65,258,25.27,238,29.3,162,26.4,152,23.1,144,23.2,015-8511,秋田,由利本荘市川口字家後３８番地,39.40478,140.06136
雄勝中央病院,163,28.55,155,32.36,128,31.6,81,26.3,105,30.1,92,37,012-0055,秋田,湯沢市山田字勇ヶ岡２５,39.14564,140.45462
仙北組合総合病院,313,26.07,333,24.9,219,33.1,180,26.6,182,22.8,168,17.9,014-0027,秋田,大仙市大曲通町１番３０号,39.46399,140.47762
山形市立病院済生館,407,22.37,354,21.97,345,21.8,277,22.3,312,19.5,229,22.1,990-0042,山形,山形市七日町１ー３ー２６,38.25326,140.33748
米沢市立病院,136,21.71,147,21.54,113,18.6,99,20.7,74,19.6,70,18.4,992-8502,山形,米沢市相生町６ー３６,37.90482,140.11868
鶴岡市立荘内病院,364,19.35,408,18.53,315,19.0,247,16.5,261,17.3,263,16.3,997-8515,山形,鶴岡市泉町４番２０号,38.73186,139.82999
山形県立河北病院,193,25.53,170,22.52,152,22.4,97,21.4,99,24.8,146,18,999-3511,山形,西村山郡河北町谷地字月山堂１１１,38.41399,140.30927
公立置賜総合病院,277,23.3,306,22.27,193,24.1,141,27.4,105,27.1,121,26.8,992-0601,山形,東置賜郡川西町西大塚２０００,38.0463,140.06004
済生会福島総合病院,27,14.41,18,8.67,18,12.2,21,9.4,24,25.5,20,14.4,960-1101,福島,福島市大森字下原田２５,37.72548,140.44516
会津中央病院,210,16.4,263,18.83,183,20.1,188,13.5,202,20.3,221,19.1,965-8611,福島,会津若松市鶴賀町１ー１,37.522,139.94608
公立岩瀬病院,61,32.39,74,25.78,37,27.4,22,38.8,24,24.2,30,27.1,962-0856,福島,須賀川市北町２０,37.2944,140.37381
社会保険二本松病院,49,15.39,62,17.4,62,20.1,43,22.3,43,21.4,30,28.1,964-0871,福島,二本松市成田町１ー５５３,37.59037,140.42227
北福島医療センター,45,23.24,78,20.18,50,25.4,50,23.9,57,30.5,55,34.3,960-0502,福島,伊達市箱崎字東２３ー１,37.81883,140.52144
公立藤田総合病院,117,20.03,98,23.42,85,21.9,81,20.8,83,19.1,75,21.2,969-1751,福島,伊達郡国見町大字塚野目字三本木１４,37.87297,140.54068
水戸赤十字病院,91,19.03,107,20.67,81,24.9,43,25.8,63,21.8,110,23.6,310-0011,茨城,水戸市三の丸３−１２−４８,36.37239,140.48592
友愛記念病院,110,17.41,109,18.28,82,14.9,77,16.1,54,19.0,57,22.1,306-0232,茨城,古河市東牛谷７０７,36.20855,139.74577
北茨城市立総合病院,38,39.71,11,41.55,172,17.0,73,15.5,15,9.1,61,15.4,319-1704,茨城,北茨城市大津町北町４−５−１５,36.84271,140.78076
医療法人　つくばセントラル病院,57,24.74,40,19.9,33,22.4,15,18.2,17,24.5,23,26,300-1211,茨城,牛久市柏田町１５８９−３,35.9819,140.1573
なめがた地域総合病院,95,31.06,89,36.87,89,37.4,62,35.5,44,39.3,42,24.5,311-3516,茨城,行方市井上藤井９８−８,36.06973,140.45705
茨城西南医療センター病院,232,19.66,187,24.26,143,24.7,124,25.0,112,21.7,112,18.8,306-0433,茨城,猿島郡境町２１９０,36.11054,139.798442
佐野厚生農業協同組合連合会　佐野厚生総合病院,141,19.49,117,19.99,116,23.3,101,21.0,91,23.2,105,20.1,327-8511,栃木,佐野市堀米町１７２８番地,36.32506,139.57274
上都賀厚生農業協同組合連合会　上都賀総合病院,95,20.32,87,18.16,97,23.9,49,15.1,34,17.4,55,18.8,322-8550,栃木,鹿沼市下田町１−１０３３,36.56156,139.75072
学校法人獨協学園　獨協医科大学日光医療センター,35,20.06,42,23.17,23,13.5,22,20.9,30,20.7,13,23.8,321-2523,栃木,日光市高徳６３２番地,36.78741,139.70511
日本赤十字社栃木県支部足利赤十字病院,167,19.56,176,20.52,213,21.6,113,20.9,151,24.7,172,19,326-0808,栃木,足利市本城３−２１００,36.34185,139.4476
国際医療福祉大学病院,89,21.08,111,22.3,61,18.6,44,24.4,27,26.7,47,32,329-2763,栃木,那須塩原市井口５３７−３,36.91302,139.97386
前橋赤十字病院,280,18.86,261,19.7,209,20.5,157,18.5,154,17.0,159,17.9,371-0014,群馬,前橋市朝日町３ー２１ー３６,36.38541,139.0864
伊勢崎市民病院,202,18.05,186,20.46,178,20.6,130,19.3,177,20.9,114,18.4,372-0817,群馬,伊勢崎市連取本町１２番地１,36.32281,139.17825
北関東循環器病院,33,19.52,40,21.68,39,18.3,34,14.1,31,19.7,21,17.2,377-0061,群馬,渋川市北橘町下箱田７４０,36.45564,139.04657
黒沢病院,92,20.26,112,21.85,64,26.5,42,24.0,55,22.4,56,23.1,370-0852,群馬,高崎市中居町３ー１９ー２,36.31457,139.04059
公立藤岡総合病院,199,21.84,240,20.81,161,20.3,137,19.2,130,20.2,107,22.6,375-8503,群馬,藤岡市藤岡９４２ー１,36.25176,139.07611
公立富岡総合病院,236,16.25,227,18.15,179,16.2,130,14.9,142,15.7,118,15,370-2393,群馬,富岡市富岡２０７３ー１,36.26357,138.90416
西吾妻福祉病院,33,13.24,41,15.51,28,15.9,32,17.8,24,12.6,18,12.4,377-1308,群馬,吾妻郡長野原町大字大津７４６−４,36.55964,138.60059
桐生厚生総合病院,227,21.92,214,22.7,170,19.3,117,16.2,138,18.6,102,15.7,376-0024,群馬,桐生市織姫町６ー３,36.40548,139.3275
館林厚生病院,249,12.92,227,13.79,172,14.7,139,14.3,152,14.4,160,13.3,374-8533,群馬,館林市成島町２６２−１,36.24868,139.5191
埼玉社会保険病院,108,21.51,108,20.52,77,24.7,53,24.3,75,21.0,77,18.8,330-0074,埼玉,さいたま市浦和区北浦和４−９−３,35.87257,139.64355
埼玉協同病院,116,14.66,123,16.38,103,16.1,93,14.8,88,21.4,80,17.7,333-0831,埼玉,川口市木曽呂１３１７,35.85958,139.71652
川口市立医療センター,193,16.83,228,20.95,157,22.6,107,15.7,116,18.4,89,19.9,333-0833,埼玉,川口市大字西新井宿１８０,35.84398,139.73065
医療法人　武蔵野総合病院,259,14.98,211,20.16,130,19.0,110,18.4,110,16.9,117,22.2,350-1167,埼玉,川越市大袋新田９７７−９,35.88956,139.44658
秀和綜合病院,113,25.24,114,31.24,99,29.6,66,23.6,54,18.7,37,13.7,344-0035,埼玉,春日部市谷原新田１２００番地,35.96094,139.74757
春日部市立病院,116,16.36,96,14.71,87,19.0,71,15.5,56,18.4,59,14.9,344-8588,埼玉,春日部市中央七丁目２番地１,35.974,139.75507
越谷市立病院,237,19.59,265,17.85,189,17.3,138,18.0,140,18.1,112,18.5,343-8577,埼玉,越谷市東越谷１０−４７−１,35.89806,139.80594
医療法人社団　朝霞台中央総合病院,301,11.51,279,13.04,234,15.4,133,17.8,123,16.1,110,21.3,351-0021,埼玉,朝霞市西弁財１−８−１０,35.81414,139.58423
埼玉県厚生農業協同組合連合会　熊谷総合病院,88,27.23,104,31.87,97,32.6,52,20.3,63,28.1,63,28.6,360-0013,埼玉,熊谷市中西４−５−１,36.14837,139.39636
埼玉県立循環器・呼吸器病センター,148,24.32,123,26.24,97,28.4,74,21.6,73,25.6,87,22,360-0105,埼玉,熊谷市板井１６９６,36.10994,139.30627
医療法人　埼玉成恵会病院,16,16,27,23.41,25,19.7,29,15.1,21,15.4,20,19.7,355-0072,埼玉,東松山市大字石橋１７２１,36.04035,139.37811
深谷赤十字病院,213,27.94,222,24.73,191,24.7,140,20.3,133,22.8,100,23.9,366-0052,埼玉,深谷市上柴町西５−８−１,36.18322,139.29547
医療法人　関越病院,137,22.24,129,24.22,84,26.2,80,19.8,81,23.4,76,26.6,350-2213,埼玉,鶴ケ島市大字脚折１４５−１,35.95008,139.3864
さいたま市立病院,263,18.67,252,17.86,239,19.3,131,21.6,133,18.2,132,18.1,336-0911,埼玉,さいたま市緑区大字三室２４６０番地,35.89079,139.67877
独立行政法人　労働者健康福祉機構　千葉労災病院,218,20.9,246,21.13,179,20.6,105,16.7,128,19.2,108,20.4,290-0003,千葉,市原市辰巳台東２‐１６,35.52191,140.15811
医療法人財団東京勤労者医療会　東葛病院,60,12.7,103,15.65,50,14.0,45,14.5,43,19.0,31,9.9,270-0174,千葉,流山市下花輪４０９,35.86834,139.90225
国保松戸市立病院,146,23.03,179,21.84,135,27.8,83,21.4,102,23.5,103,22.8,271-8511,千葉,松戸市上本郷４００５,35.7958,139.91878
東京歯科大学市川総合病院,302,17.73,310,19.94,258,20.5,169,17.6,147,16.9,178,21.4,272-0824,千葉,市川市菅野５‐１１‐１３,35.73257,139.92137
医療法人沖縄徳洲会千葉徳洲会病院,181,16.55,168,16.65,146,24.0,89,23.2,109,18.2,91,22.8,274-8503,千葉,船橋市習志野台１‐２７‐１,35.72571,140.03897
社会福祉法人　聖隷福祉事業団　聖隷佐倉市民病院,40,23.88,52,23.13,33,25.2,28,30.8,25,25.9,18,19.8,285-8765,千葉,佐倉市江原台２−３６−２,35.73668,140.20018
日本赤十字社　成田赤十字病院,307,21.89,303,21.06,184,20.6,168,22.0,199,20.6,139,24.2,286-8523,千葉,成田市飯田町９０−１,35.76501,140.30331
医療法人沖縄徳洲会　四街道徳洲会病院,96,28.75,92,23.65,53,24.3,31,22.1,37,22.5,44,20,284-0032,千葉,四街道市吉岡１８３０−１,35.6289,140.18649
千葉県立佐原病院,130,22.09,101,18.3,80,20.9,36,17.7,30,16.4,24,10,287-0003,千葉,香取市佐原イ２２８５,35.8862,140.50996
社会福祉法人　三井記念病院,198,14.47,152,12.51,133,14.0,87,15.8,64,19.9,75,16.5,101-0024,東京,千代田区神田和泉町１番地,35.69904,139.77773
せんぽ東京高輪病院,121,18.4,115,14.27,74,20.9,64,18.4,51,22.6,40,21.3,108-0074,東京,港区高輪三丁目１０番１１号,35.63126,139.73177
国際医療福祉大学三田病院,47,25.55,72,25.06,67,25.1,40,25.2,39,28.4,36,30.3,108-8329,東京,港区三田一丁目４番３号,35.65325,139.7426
東京厚生年金病院,154,19.32,170,18.61,144,20.9,81,17.1,83,18.0,59,14.1,162-0821,東京,新宿区津久戸町５番地１,35.70366,139.74222
社会保険中央総合病院,56,14.89,78,17.06,41,27.1,45,17.5,55,14.5,46,20,169-0073,東京,新宿区百人町三丁目２２番１号,35.70483,139.69846
株式会社　日立製作所　小平記念　東京日立病院,29,12.72,42,20.26,17,12.6,17,18.6,26,17.8,24,19.9,113-0034,東京,文京区湯島三丁目５番７号,35.70438,139.76784
東京都立駒込病院,64,17.17,72,15.85,33,13.2,28,25.4,35,17.3,41,16.7,113-0021,東京,文京区本駒込三丁目１８番２２号,35.72998,139.75623
東京都立墨東病院,312,18.29,331,18.39,275,19.3,194,17.4,158,16.9,130,21.2,130-0022,東京,墨田区江東橋四丁目２３番１５号,35.69513,139.81874
城東社会保険病院,18,22.33,54,24.02,60,20.9,28,22.0,31,25.4,31,21.8,136-0071,東京,江東区亀戸九丁目１３番１号,35.69517,139.84564
東芝病院,45,23.96,35,22.8,42,24.5,10,16.0,22,18.8,35,22.8,140-0011,東京,品川区東大井六丁目３番２２号,35.60152,139.73489
昭和大学病院附属東病院,225,19.38,252,18.39,176,19.5,109,19.6,101,24.0,111,19.1,142-0054,東京,品川区西中延二丁目１４番１９号,35.60963,139.70554
国家公務員共済組合連合会　東京共済病院,96,23.63,121,28.5,83,26.6,65,22.8,61,30.0,65,24.9,153-0061,東京,目黒区中目黒二丁目３番８号,35.64097,139.7048
東京労災病院,207,21.19,192,22.7,157,22.9,103,20.1,108,18.8,105,17.1,143-0013,東京,大田区大森南四丁目１３番２１号,35.56576,139.74698
日本赤十字社東京都支部　大森赤十字病院,178,26.72,165,21.1,122,22.5,83,23.6,74,16.9,120,19.3,143-0024,東京,大田区中央四丁目３０番１１号,35.5794,139.71796
社会保険蒲田総合病院,80,24.75,112,23.1,93,21.0,54,33.9,60,28.3,62,24.7,144-0035,東京,大田区南蒲田二丁目１９番２号,35.55422,139.72472
東京都立広尾病院,117,21.8,116,23.35,91,22.4,70,23.1,57,24.3,79,23.9,150-0013,東京,渋谷区恵比寿二丁目３４番１０号,35.64704,139.72148
東京医療生活協同組合中野総合病院,156,17.5,191,18.16,151,18.2,109,19.7,90,20.9,79,21.1,164-0011,東京,中野区中央四丁目５９番１６号,35.70247,139.66679
立正佼成会附属佼成病院,127,18.54,120,19.83,99,25.2,48,24.1,88,26.7,83,23.3,164-0013,東京,中野区弥生町五丁目２５番１５号,35.69067,139.66853
医療法人財団　荻窪病院,20,15.75,19,18.42,17,20.1,13,25.3,11,12.8,17,32.9,167-0035,東京,杉並区今川三丁目１番２４号,35.7152,139.60747
東京都立大塚病院,107,24.17,105,19.9,67,29.8,71,19.8,73,24.2,117,16.1,170-0005,東京,豊島区南大塚二丁目８番１号,35.72441,139.7316
東京北社会保険病院,120,20.44,145,22.45,110,22.7,139,19.1,98,19.7,121,18.5,115-0053,東京,北区赤羽台四丁目１７番５６号,35.78375,139.71095
日本私立学校振興・共済事業団　東京臨海病院,143,20.41,153,19.56,125,22.9,86,23.6,58,26.9,62,18.6,134-0086,東京,江戸川区臨海町一丁目４番２号,35.65206,139.853
青梅市立総合病院,191,17.54,209,18.14,200,20.2,91,16.7,106,16.9,102,18,198-0042,東京,青梅市東青梅四丁目１６番地５,35.7826,139.28108
東海大学八王子病院,263,19.86,295,22.08,231,22.3,138,24.1,125,19.3,135,25.5,192-0032,東京,八王子市石川町１８３８番地,35.67384,139.35693
国家公務員共済組合連合会　立川病院,61,20.84,54,20.19,47,18.3,31,20.1,38,10.6,30,14.9,190-0022,東京,立川市錦町四丁目２番２２号,35.69287,139.42224
町田市民病院,145,17.62,149,17.68,189,23.3,117,22.0,94,20.0,92,21.7,194-0023,東京,町田市旭町二丁目１５番４１号,35.55687,139.43839
東京慈恵会医科大学附属第三病院,164,24.44,126,21.03,66,21.4,68,16.5,63,18.9,61,34,201-0003,東京,狛江市和泉本町四丁目１１番１号,35.64559,139.56781
日本医科大学多摩永山病院,108,18.1,107,18.18,94,24.8,81,26.6,59,17.3,48,22.4,206-0025,東京,多摩市永山一丁目７番地１,35.63114,139.44624
稲城市立病院,42,31.93,92,26.99,76,26.8,56,33.1,59,28.2,56,25.3,206-0801,東京,稲城市大丸１１７１番地,35.6421,139.47298
公立阿伎留医療センター,157,18.09,171,19.68,119,23.7,113,17.0,123,18.3,105,15.4,197-0834,東京,あきる野市引田７８番地１,35.73154,139.27242
東京逓信病院,122,22.49,139,17.47,120,22.6,72,22.3,76,16.9,101,21.2,102-0071,東京,千代田区富士見二丁目１４番２３号,35.69701,139.74379
社会保険横浜中央病院,100,17.32,100,17.6,83,19.5,57,26.7,71,24.7,88,22.3,231-0023,神奈川,横浜市中区山下町２６８,35.44093,139.64383
国家公務員共済組合連合会　横浜南共済病院,229,21.6,179,17.56,114,25.7,91,22.4,73,18.5,101,22.7,236-0032,神奈川,横浜市金沢区六浦東１−２１−１,35.32085,139.62254
横須賀市立市民病院,60,18.15,73,18.47,57,16.2,84,17.0,101,23.1,97,21.9,240-0101,神奈川,横須賀市長坂１−３−２,35.22287,139.62698
横須賀市立うわまち病院,121,14.14,117,13.48,91,14.9,93,13.0,126,17.6,108,17.9,238-8567,神奈川,横須賀市上町２−３６,35.27162,139.66837
国家公務員共済組合連合会　平塚共済病院,242,17.87,222,18.55,209,20.5,152,19.9,157,18.4,161,16.5,254-0047,神奈川,平塚市追分９−１１,35.3382,139.33809
平塚市民病院,155,26.88,150,23.72,105,23.3,80,20.0,90,23.9,60,20.3,254-0065,神奈川,平塚市南原１−１９−１,35.33649,139.32532
藤沢市民病院,247,19.67,286,19.24,160,19.4,128,16.8,131,18.0,115,19.3,251-0052,神奈川,藤沢市藤沢２−６−１,35.35093,139.48241
小田原市立病院,79,20.71,110,22.78,120,21.1,85,20.4,69,17.8,85,21.6,250-0055,神奈川,小田原市久野４６,35.2677,139.15176
医療法人尽誠会　山近記念総合病院,83,27.64,115,25.17,76,22.5,76,16.3,64,23.2,69,20.3,256-0815,神奈川,小田原市小八幡３−１９−１４,35.27654,139.20363
神奈川県厚生農業協同組合連合会　相模原協同病院,127,22.89,115,24.1,98,24.0,93,22.7,114,19.7,134,18.5,252-0143,神奈川,相模原市緑区橋本２−８−１８,35.59609,139.34067
社会保険相模野病院,44,15.11,37,17.46,27,12.5,18,19.8,13,21.5,14,18.4,252-0206,神奈川,相模原市中央区渕野辺１−２−３０,35.57291,139.38855
津久井赤十字病院,69,15.62,84,14.76,67,15.7,47,22.3,38,23.1,35,18.7,252-0157,神奈川,相模原市緑区中野２５６,35.58921,139.25493
秦野赤十字病院,199,18.76,205,22.63,163,23.4,92,18.3,104,17.3,106,16.8,257-0017,神奈川,秦野市立野台１−１,35.3605,139.22957
厚木市立病院,152,19.57,145,22.1,89,22.3,55,23.1,52,17.2,58,20.2,243-0004,神奈川,厚木市水引１−１６−３６,35.44836,139.35954
湘南泉病院,201,13.39,197,8.83,146,11.1,99,9.7,71,9.0,80,11.5,245-0009,神奈川,横浜市泉区新橋町１７８４,35.44263,139.5132
社会福祉法人　親善福祉協会　国際親善総合病院,188,19.29,168,20.22,130,24.2,64,26.0,90,31.7,65,23,245-0006,神奈川,横浜市泉区西が岡１−２８−１,35.42472,139.51015
昭和大学横浜市北部病院,58,16.24,84,15.1,63,18.3,45,16.0,56,23.0,64,18.8,224-8503,神奈川,横浜市都筑区茅ケ崎中央３５−１,35.54668,139.56999
医療法人興生会　相模台病院,21,27.95,25,16.84,32,32.6,23,21.3,22,26.7,19,20.4,252-0001,神奈川,座間市相模が丘６−２４−２８,35.50716,139.42795
川崎市立川崎病院,284,21.23,280,23.36,222,24.3,133,26.2,115,29.4,94,27.6,210-0013,神奈川,川崎市川崎区新川通１２−１,35.52654,139.70624
日本鋼管病院,73,23.23,61,29.3,47,28.7,48,23.7,64,20.6,45,20,210-0852,神奈川,川崎市川崎区鋼管通１−２−１,35.51968,139.71225
関東労災病院,123,25.33,128,26.39,87,19.4,95,21.3,138,16.8,138,17.2,211-0021,神奈川,川崎市中原区木月住吉町１−１,35.56825,139.65718
日本医科大学武蔵小杉病院,61,22.48,69,24.72,85,31.2,56,26.2,66,30.8,80,21,211-0063,神奈川,川崎市中原区小杉町１−３９６,35.57904,139.65808
帝京大学医学部附属溝口病院,129,23.65,162,23.37,75,23.9,49,23.7,71,31.5,72,29.1,213-0001,神奈川,川崎市高津区溝口３−８−３,35.60302,139.61501
川崎市立多摩病院,167,20.64,171,25.43,125,23.1,77,22.0,102,23.0,134,20.5,214-8525,神奈川,川崎市多摩区宿河原１−３０−３７,35.61946,139.57263
横浜市立市民病院,188,25.39,174,20.3,169,25.2,116,21.7,108,20.7,102,17.6,240-0062,神奈川,横浜市保土ケ谷区岡沢町５６,35.47221,139.59917
横浜市立みなと赤十字病院,219,23.67,225,22.04,159,22.8,107,22.8,111,22.5,104,17.5,231-8682,神奈川,横浜市中区新山下３−１２−１,35.43664,139.66412
済生会新潟第二病院,52,25.58,58,21.93,34,24.3,23,17.0,41,16.0,55,18.4,950-1104,新潟,新潟市西区寺地２８０−７電話番号,37.87902,139.00481
長岡赤十字病院,237,21.35,227,23.62,159,22.4,127,22.0,132,21.0,148,23.3,940-2085,新潟,長岡市千秋２丁目２９７番地１電話番号,37.45864,138.82899
新潟県厚生農業協同組合連合会　上越総合病院,71,24.96,97,22.25,83,31.3,46,24.5,38,21.9,39,13.6,943-8507,新潟,上越市大道福田１４８番地１号電話番号,37.14836,138.25134
小千谷総合病院,72,33.15,86,28.83,63,35.0,36,27.3,38,17.1,42,16,947-0021,新潟,小千谷市本町１丁目１３番３３号電話番号,37.30955,138.79865
新潟県立十日町病院,140,28.88,147,30.05,89,32.1,85,19.0,76,22.1,87,24.7,948-0055,新潟,十日町市高山３２番地９電話番号,37.13083,138.75218
富山県立中央病院,149,20.56,150,20.96,122,22.8,90,18.5,84,21.4,99,22.8,930-0975,富山,富山市西長江２丁目２番７８号,36.69255,137.23772
富山赤十字病院,169,26.72,180,28.19,159,28.9,105,22.5,128,21.0,159,21.2,930-0859,富山,富山市牛島本町２丁目１番５８号,36.7123,137.20906
富山県済生会富山病院,369,22.02,392,21.94,291,21.8,266,20.0,226,18.9,217,16.4,931-8442,富山,富山市楠木３３番１,36.73749,137.2549
八尾総合病院,61,26.74,81,26.99,47,33.6,46,21.7,37,24.8,29,14.8,581-0036,大阪,八尾市沼一丁目４１番地,34.58751,135.60211
富山県厚生農業協同組合連合会高岡病院,140,21.1,163,21.34,147,24.7,96,22.9,105,20.3,84,22.3,933-8555,富山,高岡市永楽町５番１０号,36.74368,136.9959
高岡市民病院,178,27.52,191,24.37,143,24.2,75,25.4,74,23.2,68,24.9,933-8550,富山,高岡市宝町４番１号,36.75774,137.02713
社会保険高岡病院,57,21.84,66,26.91,56,20.4,32,32.1,40,21.6,51,24.1,933-0115,富山,高岡市伏木古府元町８−５,36.79036,137.04565
富山県済生会高岡病院,63,28.21,114,22.82,112,21.0,67,23.9,66,24.7,76,20.8,933-0816,富山,高岡市二塚３８７の１,36.72158,137.01547
独立行政法人労働者健康福祉機構富山労災病院,227,19.1,223,17.92,179,17.9,128,15.9,63,21.4,80,16.2,937-0042,富山,魚津市六郎丸９９２,36.82143,137.42497
黒部市民病院,144,20.22,185,20.58,123,25.5,116,19.0,104,24.0,76,23.4,938-0031,富山,黒部市三日市１１０８番地の１,36.87198,137.44112
市立砺波総合病院,210,17.89,172,14.92,160,16.4,109,19.3,88,15.4,119,14.3,939-1343,富山,砺波市新富町１番６１号,36.63944,136.9518
射水市民病院,84,25.42,104,19.45,64,24.4,49,18.4,45,24.3,45,17.4,934-0053,富山,射水市朴木２０番地,36.75966,137.08121
南砺市民病院,57,12.37,83,15.81,64,18.1,30,16.7,32,16.0,47,18.3,932-0211,富山,南砺市井波９３８,36.57066,136.9736
国家公務員共済組合連合会　北陸病院,58,26.24,43,19.16,43,18.7,40,18.6,24,21.9,36,17,921-8035,石川,金沢市泉ヶ丘２丁目１３−４３,36.54243,136.64507
金沢赤十字病院,68,17.85,69,17.03,44,15.7,25,17.4,36,18.9,29,16.9,921-8162,石川,金沢市三馬２丁目２５１番地,36.53021,136.63626
石川県立中央病院,175,17.92,195,20.52,147,21.4,109,19.0,120,16.4,95,22.3,920-8530,石川,金沢市鞍月東２丁目１番地,36.5952,136.6288
金沢社会保険病院,108,23.2,91,23.84,92,23.3,75,20.8,97,18.5,95,22.7,920-0013,石川,金沢市沖町ハの部１５番,36.59148,136.65324
伊藤病院,34,22,27,22.15,13,17.2,23,13.0,11,12.0,19,18.4,150-0001,東京,渋谷区神宮前四丁目３番６号,35.66682,139.71069
公立能登総合病院,169,25.87,110,25.15,111,25.4,85,23.7,71,22.0,59,26.4,926-0816,石川,七尾市藤橋町ア部６番地４,37.04312,136.94659
国民健康保険　小松市民病院,97,17.29,117,17.74,81,18.5,72,15.3,39,19.3,59,18.6,923-0961,石川,小松市向本折町ホ６０番地,36.39837,136.4408
市立輪島病院,72,18.57,72,22.49,50,22.8,39,16.3,25,21.3,24,11.3,928-0024,石川,輪島市山岸町は１番１地,37.37799,136.90091
加賀市民病院,77,18.6,85,22.81,69,21.1,65,17.7,48,19.1,74,19,922-8522,石川,加賀市大聖寺八間道６５,36.30822,136.30937
山中温泉医療センター,41,13.68,48,13.35,31,14.3,28,11.8,27,10.7,25,12.9,922-0193,石川,加賀市山中温泉上野町ル１５番地１,36.25354,136.37213
公立羽咋病院,40,20.98,63,20.4,75,22.5,46,23.3,43,16.0,37,23.1,925-0036,石川,羽咋市的場町松崎２４番地,36.90088,136.77991
公立松任石川中央病院,64,20.22,80,25.65,54,15.6,44,21.2,63,22.2,60,22,924-0865,石川,白山市倉光三丁目８番地,36.51088,136.56627
独立行政法人国立病院機構　金沢医療センター,155,25.94,148,22.01,116,26.0,101,22.6,75,22.6,111,20.8,920-0935,石川,金沢市下石引町１番１号,36.56075,136.66579
福井県立病院,176,19.95,179,17.05,92,17.8,84,13.8,93,14.8,77,14.7,910-8526,福井,福井市四ツ井２−８−１,36.06902,136.23752
福井赤十字病院,287,20.39,266,16.33,259,17.8,165,16.0,136,13.2,129,12.6,918-8501,福井,福井市月見２−４−１,36.04716,136.2131
福井県済生会病院,233,18.26,231,19,195,18.1,138,16.4,131,19.5,144,15,918-8503,福井,福井市和田中町舟橋７−１,36.04081,136.25035
福井総合病院,198,14.21,234,14.09,153,16.6,89,13.1,74,16.7,72,18.1,910-8561,福井,福井市江上町第５８号１６番地１,36.12742,136.17189
福井社会保険病院,217,16.34,200,14.29,156,20.6,106,15.7,113,14.2,69,23.3,911-8558,福井,勝山市長山町２−６−２１,36.07065,136.5078
公立丹南病院,71,19.38,82,19.99,61,27.0,50,25.1,38,31.0,31,41,916-8515,福井,鯖江市三六町１−２−３１,35.96923,136.17784
社会保険山梨病院,23,13.04,40,17.45,66,15.7,43,16.3,32,11.9,43,15,400-0025,山梨,甲府市朝日三丁目８−３１,35.67091,138.56268
甲府共立病院,51,19.41,43,16.6,60,22.0,36,20.4,45,24.3,33,15,400-0034,山梨,甲府市宝一丁目９−１,35.6671,138.56435
市立甲府病院,94,21.3,84,25.68,98,21.7,48,25.0,58,23.9,48,22,400-0832,山梨,甲府市増坪町３６６,35.63456,138.59123
国民健康保険　富士吉田市立病院,98,19.7,103,19.86,80,19.6,68,18.3,49,14.5,46,16.3,403-0005,山梨,富士吉田市上吉田６５３０番地,35.46525,138.8067
山梨赤十字病院,74,17.04,71,19.59,64,20.9,56,19.1,73,16.1,52,18.4,401-0301,山梨,南都留郡富士河口湖町船津字剣丸尾６６６３−１,35.50163,138.77379
長野赤十字病院,285,20.58,247,25.09,177,29.1,127,22.3,125,28.8,150,20.7,380-0922,長野,長野市若里五丁目２２番１号,36.62771,138.19032
長野県厚生農業協同組合連合会　長野松代総合病院,237,28.13,242,24.48,266,20.6,175,21.0,223,20.4,178,27.4,381-1231,長野,長野市松代町松代１８３,36.56388,138.1992
市立岡谷病院,43,18.19,53,22.08,43,17.7,15,25.9,22,29.3,21,20.3,394-8512,長野,岡谷市本町４丁目１１番３３号,36.06577,138.04834
飯田市立病院,135,27.3,135,24.96,95,29.6,78,30.2,56,23.4,89,22.9,395-8502,長野,飯田市八幡町４３８,35.49915,137.83614
健和会病院,85,20.28,91,21.79,37,16.4,22,15.3,22,14.5,11,12.5,395-8522,長野,飯田市鼎中平１９３６,35.50551,137.82498
長野県立須坂病院,45,21.87,96,23.16,126,21.0,66,23.5,88,20.5,75,18.2,382-0091,長野,須坂市大字須坂１３３２,36.65403,138.30937
長野県厚生農業協同組合連合会　小諸厚生総合病院,143,19.92,162,16.1,139,18.6,74,18.1,99,19.1,94,18.1,384-8588,長野,小諸市与良町３−２−３１,36.32206,138.43013
昭和伊南総合病院,103,21.57,100,25.22,81,25.2,76,19.6,92,20.6,76,32.5,399-4117,長野,駒ケ根市赤穂３２３０,35.73735,137.92009
市立大町総合病院,61,20.21,79,15.01,61,16.2,36,12.9,27,20.0,64,23.2,398-0002,長野,大町市大町３１３０,36.50054,137.85796
飯山赤十字病院,43,17.33,56,16.3,60,22.9,33,16.2,43,16.7,60,13.1,389-2295,長野,飯山市大字飯山２２６−１,36.84459,138.36189
長野県厚生農業協同組合連合会　佐久総合病院,228,24.93,221,20.49,177,22.3,134,22.5,155,18.1,178,16.9,384-0301,長野,佐久市臼田１９７,36.19863,138.48039
佐久市立国保浅間総合病院,156,18.82,175,15.14,155,17.2,82,14.2,90,15.4,69,28.4,385-0022,長野,佐久市岩村田１８６２−１,36.27057,138.46907
長野県厚生農業協同組合連合会　安曇総合病院,66,29.15,86,32.31,84,31.3,41,31.2,51,16.4,38,14.4,399-8695,長野,北安曇郡池田町大字池田３２０７−１,36.42165,137.87279
安曇野赤十字病院,195,19.23,182,17.8,123,21.8,94,17.0,111,13.7,114,15.9,399-8292,長野,安曇野市豊科５６８５,36.30281,137.90886
岐阜赤十字病院,94,16.82,113,17.19,69,17.0,54,17.2,57,14.3,58,17.1,502-0844,岐阜,岐阜市岩倉町３−３６,35.43367,136.75639
岐阜市民病院,163,14.75,189,17.21,139,18.1,92,15.3,107,20.3,87,16.5,500-8323,岐阜,岐阜市鹿島町７−１,35.4141,136.73479
岐阜県厚生農業協同組合連合会　中濃厚生病院,158,19.13,156,22.35,116,19.6,100,19.1,110,20.8,94,17.8,501-3802,岐阜,関市若草通５−１,35.49508,136.92183
羽島市民病院,110,26.76,130,23.15,98,25.0,73,21.0,53,20.3,64,25.9,501-6206,岐阜,羽島市新生町３−２４６,35.32862,136.7095
岐阜県厚生農業協同組合連合会　岐北厚生病院,53,22.87,86,17.71,57,21.0,30,22.3,48,18.6,47,20,501-2105,岐阜,山県市高富１１８７−３,35.49202,136.78714
岐阜県立多治見病院,210,20.72,205,18.19,176,19.9,130,18.9,133,18.2,126,18.7,507-8522,岐阜,多治見市前畑町５−１６１,35.32781,137.11118
市立恵那病院,64,10.73,40,9.38,33,12.6,31,15.1,22,12.6,39,14.1,509-7201,岐阜,恵那市大井町２７２５,35.46396,137.39323
土岐市立総合病院,118,18.69,157,19.33,110,17.7,95,15.5,83,20.9,97,16.6,509-5122,岐阜,土岐市土岐津町土岐口７０３−２４,35.33342,137.187
岐阜県厚生農業協同組合連合会　西美濃厚生病院,61,13.79,56,18.93,43,14.0,34,21.0,46,30.7,35,30.2,503-1316,岐阜,養老郡養老町押越９８６,35.30521,136.55812
岐阜県厚生農業協同組合連合会　揖斐厚生病院,136,17.77,117,18.88,90,16.0,71,20.4,81,20.5,88,25.1,501-0619,岐阜,揖斐郡揖斐川町三輪２５４７−４,35.48338,136.57361
岐阜県厚生農業協同組合連合会　久美愛厚生病院,101,19.04,138,21.51,89,22.9,82,17.8,72,21.5,90,25.1,506-8502,岐阜,高山市大新町５−６８,36.15469,137.25696
岐阜社会保険病院,54,18.74,54,14.46,47,19.7,46,18.2,71,17.8,103,20.8,509-0206,岐阜,可児市土田１２２１−５,35.41778,137.0166
医療法人社団　熱海所記念病院,75,10.68,99,14.55,74,14.6,70,17.5,45,18.1,38,10,413-0022,静岡,熱海市昭和町２０−２０,35.0915,139.06859
国際医療福祉大学熱海病院,40,20.93,82,25,64,25.5,40,21.1,29,23.8,34,23.1,413-0012,静岡,熱海市東海岸町１３−１,35.10313,139.08284
沼津市立病院,110,23.91,104,24.78,74,21.1,48,18.9,56,26.8,72,20.6,410-0302,静岡,沼津市東椎路字春ノ木５５０,35.12653,138.83302
富士宮市立病院,126,17.78,120,17.13,109,16.6,75,14.1,63,14.2,90,12.9,418-0076,静岡,富士宮市錦町３番１号,35.21878,138.61537
富士市立中央病院,165,20.52,163,17.61,107,20.6,90,19.1,87,26.1,121,20,417-8567,静岡,富士市高島町５０番地,35.15814,138.67133
共立蒲原総合病院,79,23.43,104,25.41,69,32.4,41,39.1,41,23.7,56,36.8,421-3306,静岡,富士市中之郷２５００番地の１,35.13254,138.61574
JA静岡厚生連　静岡厚生病院,39,18.87,24,26.42,27,37.9,12,20.3,33,36.6,30,24.6,420-0005,静岡,静岡市葵区北番町２３番地,34.97936,138.37111
静岡赤十字病院,281,16.75,296,19.06,249,17.9,196,18.3,170,15.8,191,18.1,420-0853,静岡,静岡市葵区追手町８番２号,34.9764,138.38081
静岡市立清水病院,176,18.57,197,22.98,134,26.1,75,26.9,89,29.5,94,23.8,424-0911,静岡,静岡市清水区宮加三１２３１番地,34.98232,138.49002
静岡徳洲会病院,72,16.92,78,16.69,55,19.1,38,24.8,25,13.4,22,11.5,421-0113,静岡,静岡市駿河区下川原南１１−１,34.93151,138.3842
焼津市立総合病院,344,17.95,236,19.83,205,21.2,154,21.1,200,15.8,180,19.1,425-8505,静岡,焼津市道原１０００番地,34.83799,138.30632
藤枝市立総合病院,150,26.28,224,24.4,193,31.4,162,30.2,106,27.4,131,21.8,426-8677,静岡,藤枝市駿河台四丁目１番１１号,34.86176,138.22878
市立島田市民病院,205,16.64,254,13.3,181,15.4,151,15.4,127,13.7,111,14.8,427-8502,静岡,島田市野田１２００番地の５,34.84586,138.18333
菊川市立総合病院,52,19.23,52,17.52,41,22.6,33,29.9,27,23.1,37,18.4,439-0022,静岡,菊川市東横地１６３２番地,34.72697,138.10031
掛川市立総合病院,169,21.73,176,21.6,162,27.6,102,21.3,89,24.6,105,26.4,436-0017,静岡,掛川市杉谷南一丁目１番地の１,34.761,138.02757
袋井市立袋井市民病院,81,16.56,64,18.11,53,19.8,50,20.4,75,18.3,66,16.8,437-0061,静岡,袋井市久能２５１５番地の１,34.76994,137.91603
磐田市立総合病院,220,16.34,255,17.44,185,18.6,116,18.0,112,17.0,95,17.9,438-8550,静岡,磐田市大久保５１２−３,34.76806,137.85582
医療法人衆済会　増子記念病院,29,34.62,19,26.37,27,34.1,17,21.3,16,23.8,17,21.6,453-0016,愛知,名古屋市中村区竹橋町３５−２８,35.16843,136.87376
名古屋セントラル病院,153,19.19,165,19.24,133,20.1,78,18.2,66,17.7,66,18.8,453-0801,愛知,名古屋市中村区太閤３−７−７,35.16407,136.87991
国家公務員共済組合連合会　名城病院,19,10.26,58,16.14,71,18.2,60,15.8,68,12.8,69,13.2,460-0001,愛知,名古屋市中区三の丸１−３−１,35.18075,136.89967
みなと医療生活協同組合　協立総合病院,189,19.25,220,21.98,208,21.7,148,20.3,127,19.4,119,22.5,456-8611,愛知,名古屋市熱田区五番町４−３３,35.11682,136.89029
名古屋掖済会病院,440,17.55,495,15.97,391,16.0,257,15.7,220,15.9,193,16.4,454-0854,愛知,名古屋市中川区松年町４−６６,35.12035,136.87263
名古屋共立病院,125,20.42,16,12.69,74,11.4,67,8.6,59,10.4,80,11,454-0933,愛知,名古屋市中川区法華１−１７２,35.12741,136.84837
社会保険中京病院,348,18.61,333,18.5,265,22.2,202,17.8,167,15.3,159,14.6,457-0866,愛知,名古屋市南区三条１−１−１０,35.11047,136.90103
大同病院,135,16.84,139,18.04,85,18.3,47,16.8,69,22.0,58,19.1,457-0818,愛知,名古屋市南区白水町９,35.07479,136.90703
豊橋市民病院,275,19.24,311,19.55,227,20.3,184,15.8,200,17.3,222,17.1,441-8570,愛知,豊橋市青竹町字八間西５０,34.76119,137.35205
成田記念病院,62,29.42,65,29.83,39,39.0,25,24.1,41,21.5,44,15.3,441-8021,愛知,豊橋市白河町７８,34.76072,137.38043
岡崎市民病院,431,23.71,458,22.38,303,23.3,207,26.0,271,21.0,193,21.9,444-0002,愛知,岡崎市高隆寺町字五所合３−１,34.94815,137.20442
総合大雄会病院,161,19.48,172,17.06,126,15.4,100,15.4,104,17.0,115,17.7,491-0036,愛知,一宮市桜１−９−９,35.30579,136.80675
一宮市立市民病院,310,17.91,297,18.65,240,20.2,157,19.7,158,17.5,147,17.6,491-0041,愛知,一宮市文京２−２−２２,35.31266,136.806
公立陶生病院,369,17.07,356,16.2,328,15.5,190,12.3,186,13.1,242,18.5,489-0065,愛知,瀬戸市西追分町１６０,35.22512,137.08282
半田市立半田病院,268,20.29,271,19.62,220,21.8,173,17.2,130,20.5,129,20.2,475-0817,愛知,半田市東洋町２−２９,34.8912,136.93938
春日井市民病院,385,19.84,382,21.6,281,22.8,177,20.7,163,21.1,146,17.6,486-0804,愛知,春日井市鷹来町１−１−１,35.27153,136.96901
豊川市民病院,287,24.28,265,24.97,211,25.6,146,20.7,130,18.8,103,16.8,442-0884,愛知,豊川市光明町１−１９,34.81551,137.37349
トヨタ記念病院,314,14.09,311,17.84,221,17.5,174,15.0,187,12.9,205,11.5,471-0821,愛知,豊田市平和町１−１,35.05658,137.17665
愛知県厚生農業協同組合連合会　安城更生病院,458,16.86,428,15.42,396,16.4,243,14.9,211,13.8,209,15.1,446-8602,愛知,安城市安城町東広畔２８,34.93859,137.08038
西尾市民病院,122,23.14,95,22.93,97,18.0,64,15.5,79,22.6,89,19.4,445-0071,愛知,西尾市熊味町上泡原６,34.87321,137.06866
四日市社会保険病院,20,5.45,27,14.56,44,14.4,28,14.5,20,15.4,29,13.1,510-0016,三重,四日市市羽津山町１０−８,34.98882,136.62802
鈴鹿回生病院,172,18.09,182,16.95,147,22.7,111,24.0,94,16.3,105,20.9,513-0836,三重,鈴鹿市国府町字保子里１１２番地の１,34.85576,136.50941
松阪市民病院,79,18.32,51,16.14,63,16.3,44,21.3,53,23.3,38,16.8,515-8544,三重,松阪市殿町１５５０番地,34.57738,136.52628
市立伊勢総合病院,99,16.94,124,18.56,102,20.3,107,16.5,142,16.1,139,17.6,516-0014,三重,伊勢市楠部町３０３８番地,34.48229,136.72797
いなべ総合病院,93,28.06,82,21.63,62,23.1,71,24.8,59,20.1,67,24.6,511-0428,三重,いなべ市北勢町阿下喜７７１,35.14716,136.51369
紀南病院,110,23.5,128,19.73,85,21.7,64,20.6,62,29.9,68,23.9,519-5204,三重,南牟婁郡御浜町阿田和４７５０,33.80548,136.03802
独立行政法人国立病院機構三重中央医療センター,171,19.12,144,18.77,100,20.0,120,16.6,83,14.8,100,15.6,514-1101,三重,津市久居明神町２１５８−５,34.68576,136.46538
社会保険滋賀病院,89,27.58,94,19.51,87,21.3,39,20.4,46,21.9,42,37.5,520-0846,滋賀,大津市富士見台１６番１号,34.98568,135.88504
大津赤十字病院,290,22.68,256,22.93,211,25.5,138,21.2,150,19.3,138,22.5,520-0046,滋賀,大津市長等一丁目１番３５号,35.00698,135.85974
大津市民病院,111,16.81,158,21.2,127,21.2,61,19.6,88,15.2,69,23.1,520-0804,滋賀,大津市本宮二丁目９番９号,34.99977,135.87694
彦根市立病院,187,24.65,140,22.88,110,28.2,85,19.5,80,27.3,64,24.3,522-8539,滋賀,彦根市八坂町１８８２番地,35.26223,136.2263
長浜赤十字病院,145,23.9,145,20.21,112,25.5,72,25.3,84,25.1,96,17.3,526-0053,滋賀,長浜市宮前町１４番７号,35.38365,136.27359
市立長浜病院,149,16.81,144,14.56,99,20.8,75,15.6,73,19.8,75,17.6,526-0043,滋賀,長浜市大戌亥町３１３番地,35.36864,136.28764
近江八幡市立総合医療センター,117,20.77,108,17.84,111,19.6,70,20.6,61,20.3,65,17.5,523-0082,滋賀,近江八幡市土田町１３７９番地,35.12343,136.08685
医療法人徳洲会　近江草津徳洲会病院,33,26.58,31,20.23,27,27.2,24,40.0,11,44.7,12,18,525-0054,滋賀,草津市東矢倉三丁目３４番５２号,35.00143,135.95734
滋賀県立成人病センター,94,21.03,109,21.08,76,17.7,68,17.8,54,11.1,74,29.8,524-0022,滋賀,守山市守山五丁目４番３０号,35.06126,135.98833
公立甲賀病院,148,26.39,135,21.61,103,25.2,95,20.0,78,27.9,87,23.9,528-0014,滋賀,甲賀市水口町鹿深３番３９号,34.96794,136.17032
医療法人同仁会（社団）京都九条病院,111,18.12,138,17.34,108,18.7,84,21.3,89,29.5,59,21.6,601-8453,京都,京都市南区唐橋羅城門町１０,34.97839,135.7408
医療法人徳洲会　宇治徳洲会病院,147,20.97,164,21.37,123,20.1,112,16.5,102,21.9,86,24.4,611-0042,京都,宇治市小倉町春日森８６番１,34.8992,135.7825
宇治武田病院,74,30.14,69,35.83,73,26.8,26,20.6,23,19.7,14,16.1,611-0021,京都,宇治市宇治里尻３６−２６,34.89213,135.80138
綾部市立病院,113,32.73,94,31.97,105,26.7,65,31.2,50,26.1,59,29.9,623-0011,京都,綾部市青野町大塚２０−１,35.30527,135.25569
医療法人啓信会　京都きづ川病院,90,11.7,88,11.9,82,13.1,54,10.8,55,9.3,49,9.3,610-0101,京都,城陽市平川西六反２６−１,34.86562,135.76138
公立南丹病院,165,23.65,166,26.54,106,31.3,82,28.9,84,21.8,78,23.9,629-0197,京都,南丹市八木町八木上野２５,35.07119,135.53015
市立福知山市民病院,94,17.12,90,18.58,93,13.8,69,11.3,53,17.7,56,19.3,620-8505,京都,福知山市厚中町２３１,35.30378,135.11169
京都市立病院,214,17.91,176,22.64,98,19.2,107,22.3,96,22.1,110,18.1,604-8845,京都,京都市中京区壬生東高田町１−２,34.99744,135.73468
京都第二赤十字病院,303,18.45,334,19.83,274,18.7,221,15.5,209,17.6,225,16.5,602-8026,京都,京都市上京区釜座通丸太町上ル春帯町３５５−５,35.018469,135.756569
社会保険京都病院,59,21.15,64,21.66,58,27.3,44,26.0,54,21.7,75,17.2,603-8151,京都,京都市北区小山下総町２７,35.0396,135.75883
国家公務員共済組合連合会　舞鶴共済病院,19,28.16,24,21.08,16,18.0,11,16.0,19,24.1,23,24.2,625-8585,京都,舞鶴市字浜１０３５,35.46989,135.39145
独立行政法人国立病院機構舞鶴医療センター,154,22.4,175,24.47,173,23.3,103,22.5,126,24.4,117,22.1,625-8502,京都,舞鶴市字行永２４１０,35.46159,135.4023
独立行政法人労働者健康福祉機構　大阪労災病院,199,15.81,194,14.67,172,14.1,135,16.3,155,12.7,128,16.9,591-8025,大阪,堺市北区長曾根町１１７９番地の３,34.56723,135.5061
近畿大学医学部堺病院,51,15.8,61,19.57,56,19.6,32,12.8,40,16.1,31,24.1,590-0132,大阪,堺市南区原山台二丁７番１号,34.48066,135.49025
関西電力病院,130,16.36,137,17.04,116,21.3,87,20.2,56,18.5,39,15.5,553-0003,大阪,大阪市福島区福島２−１−７,34.69303,135.48734
医療法人一祐会　藤本病院,38,35.76,38,25.79,47,29.6,23,38.2,27,24.7,28,32.1,572-0838,大阪,寝屋川市八坂町２番３号,34.76535,135.62439
和泉市立病院,31,21.94,41,20.07,22,19.8,33,25.0,36,13.8,31,19.1,594-0071,大阪,和泉市府中町四丁目１０番１０号,34.48268,135.42783
医療法人橘会　東住吉森本病院,139,17.35,179,21.88,204,21.0,109,23.8,100,18.9,17,12.4,546-0014,大阪,大阪市東住吉区鷹合三丁目２番６６号,34.61049,135.52765
高槻赤十字病院,48,14.92,38,15.55,14,14.5,11,23.0,17,18.1,26,24,569-1045,大阪,高槻市阿武野一丁目１番１号,34.85474,135.5769
医療法人大植会　葛城病院,62,12.94,84,14.56,72,13.8,40,12.2,25,9.5,33,10.4,596-0842,大阪,岸和田市真上町２５０番地の１,34.43288,135.40347
市立吹田市民病院,93,17.88,104,16.83,78,21.6,52,16.3,57,21.9,67,18.2,564-0082,大阪,吹田市片山町二丁目１３番２０号,34.76923,135.51758
大阪赤十字病院,181,21.48,156,19.81,130,24.0,103,22.1,94,19.7,84,22.1,543-0027,大阪,大阪市天王寺区筆ケ崎町５番３０号,34.66405,135.52547
医療法人錦秀会　阪和記念病院,125,16.78,94,18.09,60,14.7,58,10.3,59,14.2,58,15.1,558-0011,大阪,大阪市住吉区苅田七丁目１１番１１号,34.59842,135.5141
大阪府立急性期・総合医療センター,147,13.8,157,10.88,99,12.9,88,13.2,97,14.0,117,11.9,558-8558,大阪,大阪市住吉区万代東三丁目１番５６号,34.6165,135.50473
医療法人育和会　育和会記念病院,80,14.4,59,20.27,56,20.7,51,19.6,45,23.2,45,14.8,544-0004,大阪,大阪市生野区巽北三丁目２０番２９号,34.6554,135.55553
大阪鉄道病院,10,18,14,12.29,27,19.4,23,18.5,24,19.1,22,29,545-0053,大阪,大阪市阿倍野区松崎町一丁目２番２２号,34.64485,135.51801
淀川キリスト教病院,229,23.74,270,22.85,227,23.5,140,23.2,142,22.9,127,23.4,533-0032,大阪,大阪市東淀川区淡路二丁目９番２６号,34.7363,135.51282
関西医科大学附属滝井病院,63,18.79,89,21.16,73,15.7,30,21.9,63,15.0,66,17.7,570-0074,大阪,守口市文園町１０番１５号,34.72872,135.55632
松下記念病院,111,19.52,117,17.1,52,17.4,50,13.0,63,14.5,43,12,570-0096,大阪,守口市外島町５番５５号,34.74366,135.56326
医療法人行岡医学研究会　行岡病院,27,12.89,29,18.07,21,16.8,17,33.6,28,21.6,30,13.3,530-0021,大阪,大阪市北区浮田二丁目２番３号,34.70983,135.50836
富田林病院,29,15.86,29,18.21,24,27.5,20,26.5,21,23.1,18,25.3,584-0082,大阪,富田林市向陽台一丁目３番３６号,34.50305,135.58357
医療法人　宝生会　ＰＬ病院,34,28.09,40,19.98,38,18.7,45,22.8,38,23.8,37,24.9,584-0091,大阪,富田林市大字新堂２２０４番地,34.5139,135.58736
医療法人徳洲会　八尾徳洲会総合病院,219,18.16,193,19.69,128,23.5,109,16.2,108,17.3,99,19.5,581-0011,大阪,八尾市若草町１番１７号,34.62729,135.6105
医療法人讃和会　友愛会病院,161,13.69,187,14.22,124,16.3,145,20.3,130,19.3,135,17.2,559-0006,大阪,大阪市住之江区浜口西三丁目５番１０号,34.60804,135.48482
大阪厚生年金病院,223,18.92,188,20.54,163,23.2,107,24.5,100,20.6,88,20.7,553-0003,大阪,大阪市福島区福島四丁目２番７８号,34.69192,135.48228
国家公務員共済組合連合会　大手前病院,95,15.51,114,18.36,86,17.5,63,20.3,39,12.7,64,11.3,540-0008,大阪,大阪市中央区大手前一丁目５番３４号,34.68931,135.51929
社会福祉法人恩賜財団大阪府済生会吹田病院,118,20.83,129,23.79,120,20.7,92,19.1,69,17.8,84,17.5,564-0013,大阪,吹田市川園町１番２号,34.76166,135.53448
市立枚方市民病院,68,25.44,65,22.31,44,19.9,51,20.9,34,20.9,56,20.2,573-1197,大阪,枚方市禁野本町ニ丁目１４番１号,34.81917,135.65706
箕面市立病院,59,13.85,53,9.89,52,10.8,24,11.2,27,21.2,36,16.3,562-0014,大阪,箕面市萱野五丁目７番１号,34.82423,135.48363
大阪市立総合医療センター,94,19.73,121,15.86,97,18.5,73,17.0,76,15.2,78,16.1,534-0021,大阪,大阪市都島区都島本通二丁目１３番２２号,34.70768,135.52403
市立岸和田市民病院,179,20.41,143,21.34,130,20.4,96,18.6,76,16.0,81,16.1,596-0822,大阪,岸和田市額原町１００１番地,34.46127,135.39584
市立堺病院,116,14.5,91,16.18,59,15.9,54,18.1,55,15.5,67,20.6,590-0064,大阪,堺市堺区南安井町一丁１番１号,34.57095,135.47464
市立豊中病院,233,21.51,271,23,219,20.2,160,15.8,132,17.6,122,19.6,560-0055,大阪,豊中市柴原町四丁目１４番１号,34.80086,135.45854
東大阪市立総合病院,154,15.49,174,19.14,112,20.8,95,18.2,85,17.2,83,16.3,578-8588,大阪,東大阪市西岩田三丁目４番５号,34.66663,135.59805
八尾市立病院,75,14.41,55,19.11,28,18.1,21,22.3,47,14.2,16,41.1,581-0069,大阪,八尾市龍華町一丁目３番１号,34.62062,135.58698
三菱神戸病院,28,19.46,29,25,16,28.4,37,20.7,15,47.3,16,27.6,652-0863,兵庫,神戸市兵庫区和田宮通６丁目１−３４,34.65482,135.17554
医療法人　川崎病院,73,15.67,88,14.8,55,15.1,29,14.9,40,13.5,33,14.7,652-0042,兵庫,神戸市兵庫区東山町３丁目３−１,34.68011,135.16287
神戸百年記念病院,21,19.67,24,14.25,25,15.5,14,12.1,15,29.2,19,16.9,652-0855,兵庫,神戸市兵庫区御崎町１丁目９番１号,34.65895,135.1689
神戸掖済会病院,133,17.64,98,15.06,53,18.8,27,19.4,25,21.1,36,23.1,655-0004,兵庫,神戸市垂水区学が丘１丁目２１−１,34.65326,135.05307
医療法人　明和病院,32,15.13,27,16.11,23,13.2,13,9.7,15,9.5,21,10.4,663-8186,兵庫,西宮市上鳴尾町４−３１,34.72248,135.37019
医療法人回生会　宝塚病院,72,24.15,76,25.92,53,26.6,35,16.5,35,18.2,31,22.5,665-0022,兵庫,宝塚市野上２丁目１−２,34.79715,135.34854
医療法人尚和会　宝塚第一病院,107,22.31,135,20.27,111,19.4,85,27.9,105,16.0,96,22.1,665-0832,兵庫,宝塚市向月町１９−５,34.80834,135.36095
宝塚市立病院,121,21.03,94,25.9,73,26.3,37,25.5,45,26.8,43,25.9,665-0827,兵庫,宝塚市小浜４丁目５−１,34.80572,135.3667
三田市民病院,20,25.3,89,19.9,92,24.3,86,17.8,78,15.1,64,16.4,669-1321,兵庫,三田市けやき台３丁目１番地１,34.90844,135.20003
西脇市立西脇病院,412,17.3,439,15.46,345,17.0,271,12.7,198,12.1,210,15.7,677-0043,兵庫,西脇市下戸田６５２番地の１,34.98809,134.98291
市立小野市民病院,54,20.56,85,20.06,63,24.2,74,15.4,38,18.2,44,23.1,675-1332,兵庫,小野市中町３２３,34.84481,134.94135
大西脳神経外科病院,434,15.41,509,15.33,325,19.2,341,15.3,380,13.4,374,11.4,674-0064,兵庫,明石市大久保町江井島１６６１番地１,34.68081,134.92543
高砂市民病院,75,19.75,86,20.45,87,23.7,59,21.7,39,18.8,55,22.7,676-0015,兵庫,高砂市荒井町紙町３３−１,34.75858,134.79626
三木市立三木市民病院,57,15.96,32,17.97,35,16.9,23,13.6,30,19.4,40,18.1,673-0402,兵庫,三木市加佐５８−１,34.80318,134.98592
市立加西病院,148,23.06,116,23.08,94,17.5,46,19.2,35,19.3,51,18,675-2311,兵庫,加西市北条町横尾１丁目１３,34.9249,134.84042
市立川西病院,50,13.82,63,16.78,31,19.3,33,20.1,30,19.4,32,27.9,666-0117,兵庫,川西市東畦野５丁目２１−１,34.889,135.40666
医療法人晋真会　ベリタス病院,135,17.21,167,16.63,150,17.8,84,15.1,59,15.8,63,14.2,666-0125,兵庫,川西市新田１丁目２−２３,34.86111,135.40994
公立学校共済組合近畿中央病院,48,18.04,62,22.95,31,25.8,40,16.6,43,22.6,39,20,664-0872,兵庫,伊丹市車塚３丁目１,34.76318,135.40169
市立伊丹病院,20,23.8,28,35.11,37,18.7,16,16.9,32,27.1,45,19.2,664-0015,兵庫,伊丹市昆陽池１丁目１００,34.78339,135.39737
公立神崎総合病院,46,22.5,42,20.02,37,24.9,28,24.2,24,33.2,33,28,679-2493,兵庫,神崎郡神河町粟賀３８５番地,35.06676,134.77589
兵庫県立姫路循環器病センター,425,15.81,368,14.49,290,16.2,202,13.8,205,15.2,212,15.4,670-0981,兵庫,姫路市西庄甲５２０,34.83171,134.65916
姫路赤十字病院,120,18.02,92,17,85,18.7,59,15.5,66,16.5,76,19.3,670-0063,兵庫,姫路市下手野１丁目１２−１,34.84423,134.64729
医療法人三栄会ツカザキ病院,286,19.57,282,22.94,220,21.2,147,19.0,122,18.5,105,18.2,671-1227,兵庫,姫路市網干区和久６８番１,34.81009,134.59018
赤穂市民病院,74,22.2,82,24.8,67,23.6,38,22.1,20,33.0,55,24.8,678-0232,兵庫,赤穂市中広１０９０番地,34.74315,134.3905
神戸赤十字病院,146,21.15,155,20.01,149,22.1,96,19.1,105,20.2,127,18,651-0073,兵庫,神戸市中央区脇浜海岸通１丁目３番１号,34.69614,135.21243
西神戸医療センター,108,16.16,106,17.54,82,15.3,64,13.8,50,11.8,48,17.7,651-2273,兵庫,神戸市西区糀台５丁目７−１,34.71688,135.01898
明石市立市民病院,57,15.7,34,20.88,44,21.0,29,16.6,34,20.4,47,24.3,673-0848,兵庫,明石市鷹匠町１−３３,34.65705,134.9904
西宮市立中央病院,36,18.78,38,17.61,25,21.4,25,12.7,19,14.2,18,21,663-8014,兵庫,西宮市林田町８−２４,34.75753,135.36212
独立行政法人国立病院機構姫路医療センター,160,20.84,175,22.25,132,21.1,109,14.0,76,12.4,75,11,670-0012,兵庫,姫路市本町６８,34.83316,134.69452
独立行政法人国立病院機構神戸医療センター,93,22.88,91,22.2,66,31.6,50,23.3,56,20.0,46,19.9,654-0155,兵庫,神戸市須磨区西落合３丁目１−１,34.68041,135.08449
社会福祉法人恩賜財団済生会奈良病院,22,7.95,23,19.48,38,26.3,26,24.5,22,26.3,22,15.9,630-8145,奈良,奈良市八条４丁目６４３番地,34.6684,135.80533
市立奈良病院,156,16.72,191,19.72,150,20.1,128,17.5,104,18.8,109,15.5,630-8305,奈良,奈良市東紀寺町一丁目５０番１号,34.67278,135.83519
奈良社会保険病院,39,15.13,52,17.38,58,22.6,25,18.3,33,12.0,26,17.9,639-1013,奈良,大和郡山市朝日町１の６２,34.64729,135.77954
社会福祉法人恩賜財団済生会中和病院,149,16.25,128,19.09,68,25.4,59,21.6,75,21.5,81,17.3,633-0054,奈良,桜井市阿部３２３,34.50726,135.83931
国保中央病院,21,25,22,31.64,35,23.4,10,46.7,22,25.2,26,20.9,636-0302,奈良,磯城郡田原本町大字宮古４０４−１,34.56261,135.77719
大和高田市立病院,97,18.07,105,18.56,95,21.2,63,18.9,49,17.2,64,20.9,635-8501,奈良,大和高田市礒野北町１番１号,34.50982,135.73685
社会福祉法人恩賜財団済生会御所病院,146,20.51,127,26.82,78,22.1,49,23.9,49,21.6,67,19,639-2306,奈良,御所市三室２０,34.46143,135.73079
宇陀市立病院,29,41.38,52,25.88,52,33.5,28,22.0,34,17.8,35,27.9,633-0253,奈良,宇陀市榛原区萩原８１５番地,34.53079,135.96057
奈良県立五條病院,35,20.77,43,19.63,42,21.1,33,24.2,23,16.3,15,19.9,637-0034,奈良,五條市野原西５−２−５９,34.34123,135.69922
奈良県立三室病院,126,20.6,141,21.6,118,18.7,81,19.7,73,19.5,42,17.4,636-0802,奈良,生駒郡三郷町三室１丁目１４番１６号,34.60127,135.71129
奈良県立奈良病院,108,16.33,127,16.53,90,17.5,65,17.1,70,13.1,82,15.5,631-0846,奈良,奈良市平松１丁目３０番１号,34.67918,135.77431
済生会和歌山病院,59,16.46,44,11.75,58,19.7,61,15.3,51,20.3,59,14.7,640-8158,和歌山,和歌山市十二番丁４５,34.23182,135.17316
公立那賀病院,161,21.2,197,19.81,125,23.1,82,19.8,79,19.1,87,24.4,649-6414,和歌山,紀の川市打田１２８２,34.26355,135.36609
北出病院,24,14.5,28,13.43,18,12.3,13,13.3,16,18.2,30,10.9,644-0011,和歌山,御坊市湯川町財部７２８−４,33.89737,135.15546
国保日高総合病院,128,26.92,143,22.66,135,26.2,92,22.3,94,20.9,79,28.7,644-0002,和歌山,御坊市薗１１６番地の２,33.89558,135.15376
新宮市立医療センター,184,20.91,163,18.39,120,19.6,70,18.8,49,24.1,58,21.2,647-0072,和歌山,新宮市蜂伏１８番７号,33.68674,135.96411
橋本市民病院,149,19.38,120,19.63,102,22.5,96,17.5,107,20.1,71,19.3,648-0005,和歌山,橋本市小峰台二丁目８番地の１,34.35835,135.63553
独立行政法人国立病院機構南和歌山医療センター,322,23.6,248,22.41,211,22.9,176,20.3,156,22.8,172,20.3,646-0015,和歌山,田辺市たきない町２７−１,33.70077,135.39943
鳥取県立中央病院,166,23.14,217,22.01,139,23.4,102,19.8,111,24.8,93,21,680-0901,鳥取,鳥取市江津７３０,35.5224,134.2117
鳥取市立病院,174,19.45,205,18.74,176,20.6,95,21.4,96,17.8,112,18.6,680-0873,鳥取,鳥取市的場１丁目１番,35.47439,134.23447
鳥取生協病院,106,19.07,85,19.45,81,16.2,56,17.8,56,14.2,46,19.4,680-0833,鳥取,鳥取市末広温泉町４５８,35.49562,134.22977
医療法人同愛会　博愛病院,31,20.84,33,16.82,35,21.4,57,27.5,71,23.4,55,38.5,683-0853,鳥取,米子市両三柳１８８０,35.45577,133.31996
鳥取県立厚生病院,98,23.43,92,26.75,86,28.8,85,19.5,34,19.4,32,20.2,682-0804,鳥取,倉吉市東昭和町１５０,35.43602,133.84053
松江赤十字病院,248,21.17,278,19.26,223,20.1,130,22.4,127,22.3,122,17.1,690-0886,島根,松江市母衣町２００番地,35.47155,133.05714
松江市立病院,108,20.16,128,21.38,106,20.3,57,24.2,51,28.1,59,27.3,690-8509,島根,松江市乃白町３２番地１,35.43845,133.05391
島根県立中央病院,327,20.8,304,19.15,232,22.1,147,22.9,147,23.9,179,26,693-8555,島根,出雲市姫原四丁目１番地１,35.3745,132.75319
益田赤十字病院,144,23.07,181,23.91,126,23.1,112,22.2,142,18.5,152,20.4,698-0003,島根,益田市乙吉町イ１０３番地１,34.68367,131.84129
独立行政法人国立病院機構　浜田医療センター,118,18.42,142,17.28,132,18.5,68,20.8,71,22.0,146,19.7,697-8511,島根,浜田市浅井町７７７番１２,34.90307,132.08926
川崎医科大学附属川崎病院,30,15.03,27,14.48,27,12.8,54,14.4,42,15.3,57,10.5,700-0821,岡山,岡山市北区中山下２丁目１ー８０,34.66148,133.92679
総合病院　水島協同病院,76,15.61,96,12.73,75,16.4,65,17.9,55,13.6,45,20.6,712-8025,岡山,倉敷市水島南春日町１番１号,34.54189,133.74246
倉敷平成病院,208,12.45,182,11.34,116,14.5,86,11.7,57,11.3,75,12.3,710-0826,岡山,倉敷市老松町４丁目３−３８,34.59348,133.76172
岡山済生会総合病院,187,20.72,158,19.58,129,18.8,100,17.2,88,16.6,132,16,700-0013,岡山,岡山市北区伊福町１丁目１７番１８号,34.67047,133.91737
県立広島病院,252,17.38,233,20.88,146,21.1,130,20.6,83,16.7,91,19.2,734-8530,広島,広島市南区宇品神田１丁目５−５４,34.36704,132.46672
広島赤十字・原爆病院,116,17.96,107,18.87,85,18.3,52,16.3,63,20.7,65,14.9,730-8619,広島,広島市中区千田町１丁目９−６,34.38085,132.45415
翠清会梶川病院,415,18,473,17.84,353,19.4,215,18.4,257,16.5,186,15.9,730-0046,広島,広島市中区昭和町８−２０,34.38213,132.46501
広島市立安佐市民病院,236,17.83,213,18.48,164,17.8,143,16.4,131,17.7,112,16.3,731-0223,広島,広島市安佐北区可部南２−１−１,34.50587,132.51604
荒木脳神経外科病院,205,13.78,211,14.01,177,13.7,92,15.5,103,13.5,101,12.2,733-0821,広島,広島市西区庚午北２丁目８−７,34.39077,132.42192
国家公務員共済組合連合会　呉共済病院,138,21,179,21.77,140,22.0,104,18.5,48,13.4,102,21.3,737-0811,広島,呉市西中央２丁目３−２８,34.24876,132.55844
総合病院　三原赤十字病院,35,33.37,38,26.13,39,19.3,24,19.0,22,16.6,22,13.7,723-8512,広島,三原市東町２丁目７−１,34.40259,133.08966
広島県厚生農業協同組合連合会　尾道総合病院,138,22.57,97,20.94,131,22.3,55,17.6,79,14.3,78,17.7,722-8508,広島,尾道市古浜町７−１９,34.39908,133.17239
尾道市立市民病院,200,17.2,173,15.14,119,19.8,98,18.4,67,19.3,86,16.9,722-0055,広島,尾道市新高山３丁目１１７０−１７７,34.42414,133.21501
公立みつぎ総合病院,152,21.89,120,20.68,99,21.1,64,16.4,74,18.6,55,23.7,722-0393,広島,尾道市御調町市１２４,34.51661,133.1479
福山市民病院,107,14.33,108,17.74,87,19.1,61,22.9,44,22.8,64,20.6,721-8511,広島,福山市蔵王町５丁目２３−１,34.51106,133.39766
市立三次中央病院,126,27.77,120,24.93,108,25.9,80,27.1,92,27.5,113,22.3,728-8502,広島,三次市東酒屋町字敦盛５３１,34.78287,132.87804
済生会広島病院,55,28.95,54,23.2,41,19.2,36,18.7,36,20.4,35,20.7,731-4311,広島,安芸郡坂町北新地２−３−１０,34.35044,132.51865
マツダ株式会社　マツダ病院,147,22.78,131,21.79,104,26.2,72,20.7,50,21.1,49,32.9,735-8557,広島,安芸郡府中町青崎南２−１５,34.37729,132.50478
社会保険下関厚生病院,201,18.13,219,16.98,188,19.5,151,18.9,155,21.2,188,21,750-0061,山口,下関市上新地町３丁目３番８号,33.95909,130.91969
山口県済生会下関総合病院,146,15.88,123,15.57,73,14.4,54,14.5,47,17.4,43,17.8,759-6603,山口,下関市安岡町８丁目５番１号,34.03102,130.9326
宇部興産株式会社中央病院,178,21.69,185,17.35,125,14.8,109,17.8,80,11.1,75,13.2,755-0151,山口,宇部市大字西岐波７５０,33.96707,131.33035
済生会山口総合病院,160,22.11,173,22.55,91,27.6,71,18.8,89,22.6,103,22.1,753-0078,山口,山口市緑町２番１１号,34.17118,131.46712
萩市民病院,17,19.59,29,8.72,26,29.0,14,17.1,21,31.0,22,21.9,758-0061,山口,萩市大字椿３４６０番地３,34.39761,131.39714
綜合病院社会保険徳山中央病院,317,17.94,282,18.07,233,24.2,164,18.0,158,19.1,144,19.3,745-8522,山口,周南市孝田町１番１号,34.04772,131.83427
山口県立総合医療センター,226,14.33,211,14.7,165,18.6,118,16.4,109,14.9,132,18.4,747-8511,山口,防府市大字大崎７７,34.06599,131.54214
山口県厚生農業協同組合連合会　長門総合病院,27,21.78,28,14.5,22,33.8,14,14.2,22,9.0,26,19.3,759-4101,山口,長門市東深川８５,34.38524,131.1971
徳島県立中央病院,148,14.26,180,16.67,123,19.1,69,16.1,84,18.0,87,14.9,770-8539,徳島,徳島市蔵本町１丁目１０−３,34.07658,134.52036
徳島市民病院,85,18.27,97,13.87,77,15.3,77,10.8,60,10.1,132,13.3,770-0812,徳島,徳島市北常三島町２丁目３４番地,34.08156,134.56277
徳島県立海部病院,73,17.22,77,17.23,56,13.7,30,14.7,29,18.9,65,21.6,775-0006,徳島,海部郡牟岐町大字中村字本村７５の１,33.67092,134.41965
つるぎ町立半田病院,21,23.9,40,19.9,21,21.0,18,28.4,18,18.5,15,21.7,779-4401,徳島,美馬郡つるぎ町半田字中藪２３４−１,33.99828,134.02699
高松市民病院,66,14.94,70,19.87,84,24.9,47,20.2,51,16.1,65,14.8,760-8538,香川,高松市宮脇町二丁目３６番１号,34.33662,134.03221
高松赤十字病院,127,19.81,144,18.06,68,18.3,47,20.9,43,14.5,51,19.1,760-0017,香川,高松市番町四丁目１番３号,34.34045,134.04332
独立行政法人　労働者健康福祉機構　香川労災病院,224,15.49,287,18.48,166,20.1,145,17.1,172,18.5,158,17.9,763-8502,香川,丸亀市城東町三丁目３番１号,34.28833,133.8054
香川県厚生農業協同組合連合会　屋島総合病院,123,30.36,114,23.36,97,24.1,70,23.3,80,18.1,60,30.1,761-0186,香川,高松市屋島西町１８５７番地１,34.34058,134.09795
国家公務員共済組合連合会　高松病院,33,18.88,48,13.67,35,17.5,25,10.9,34,13.6,45,21.7,760-0018,香川,高松市天神前４番１８号,34.3398,134.04558
三豊総合病院,269,18.45,351,17.2,238,18.0,183,20.3,145,18.4,179,15.8,769-1695,香川,観音寺市豊浜町姫浜７０８番地,34.08192,133.64224
社会福祉法人　恩賜財団　済生会松山病院,131,15.21,119,15.45,94,15.6,66,17.5,57,15.0,72,16.6,791-8026,愛媛,松山市山西町８８０−２,33.85188,132.72105
松山赤十字病院,153,18.22,156,18.44,116,16.2,77,21.9,114,19.1,96,15.7,790-8524,愛媛,松山市文京町１番地,33.84846,132.77419
瀬戸内海病院,66,22.12,76,25.12,84,29.6,62,20.9,60,26.1,63,23.1,794-0028,愛媛,今治市北宝来町二丁目４番地９,34.06597,132.99388
市立宇和島病院,309,17.18,310,18.21,225,17.4,159,18.6,127,22.1,137,19.3,798-8510,愛媛,宇和島市御殿町１番１号,33.21626,132.5652
愛媛労災病院,18,15.44,15,18.73,11,18.7,53,30.5,41,31.0,45,27,792-8550,愛媛,新居浜市南小松原町１３番地２７号,33.97391,133.29251
いずみの病院,110,15.1,87,12.92,63,15.1,35,15.1,46,14.2,43,16.6,781-0011,高知,高知市薊野北町２丁目１０−５３,33.58033,133.55553
JA高知病院,23,23.52,19,21.37,18,18.7,13,36.7,28,27.0,32,32.6,783-8509,高知,南国市明見字中野５２６−１,33.57347,133.61902
医療法人五月会　須崎くろしお病院,53,16.06,42,14.19,44,17.9,40,17.7,35,10.9,48,14.6,785-0036,高知,須崎市緑町４番３０号,33.41116,133.28882
医療法人　社団若鮎　北島病院,212,17.89,217,17.64,164,20.5,83,21.1,73,24.8,58,16.5,781-1301,高知,高岡郡越知町越知甲１６６２,33.53059,133.25323
医療法人　輝栄会　福岡輝栄会病院,126,18.13,121,14.8,133,11.5,118,11.3,110,11.2,80,14.3,813-0044,福岡,福岡県福岡市東区干早５丁目１１番５号,33.647702,130.435078
福岡市民病院,193,16.71,200,15.1,149,18.8,115,15.1,69,17.0,67,14.9,812-0046,福岡,福岡県福岡市博多区吉塚本町１３−１,33.60583,130.42274
医療法人　原三信病院,69,14.84,49,12.33,30,18.0,33,16.6,33,15.8,42,14.3,812-0033,福岡,福岡県福岡市博多区大博町１−８,33.60145,130.40536
千鳥橋病院,83,18.72,89,22.55,71,19.6,55,17.6,75,16.0,62,19.8,812-0044,福岡,福岡県福岡市博多区千代５丁目１８−１,33.6086,130.41199
福岡青洲会病院,113,16.88,113,15.81,96,18.7,64,18.8,49,17.1,50,15.7,811-2311,福岡,福岡県糟屋郡粕屋町長者原沼ノ内８００番地１,33.61649,130.47699
国家公務員共済組合連合会　浜の町病院,97,18.09,74,20.69,46,20.6,43,18.7,79,18.5,60,18.6,810-0073,福岡,福岡県福岡市中央区舞鶴三丁目５番２７号,33.59072,130.38805
福岡赤十字病院,279,16.97,252,16.23,169,21.5,126,19.0,140,17.7,120,20.3,815-0082,福岡,福岡県福岡市南区大楠３丁目１−１,33.57222,130.41397
公立学校共済組合　九州中央病院,186,18.55,203,19.08,159,19.2,128,21.5,86,21.4,77,18.5,815-0032,福岡,福岡県福岡市南区塩原３丁目２３−１,33.56307,130.42505
福岡県済生会二日市病院,200,19.97,200,18.72,169,21.1,124,20.6,118,19.2,92,19.2,818-8516,福岡,福岡県筑紫野市湯町三丁目１３番１号,33.48867,130.51527
福岡大学筑紫病院,72,14.36,66,14.65,49,17.0,142,13.6,139,10.9,129,12.2,818-8502,福岡,福岡県筑紫野市俗明院一丁目１番１号,33.48199,130.53197
公立八女総合病院,80,23.51,91,23.05,72,25.7,56,22.7,66,18.3,63,18.6,834-0034,福岡,福岡県八女市高塚５４０−２,33.20507,130.55873
医療法人聖峰会　田主丸中央病院,64,12.53,46,13.15,34,14.2,20,11.0,11,11.6,22,8.3,839-1213,福岡,福岡県久留米市田主丸町益生田８９２,33.32887,130.68779
神代病院,26,8.65,27,8.7,16,13.1,16,10.6,14,8.4,14,10.6,830-1102,福岡,福岡県久留米市北野町八重亀３８２番地の１,33.35423,130.62567
長田病院,55,8.13,32,10.25,49,16.6,22,7.8,13,16.2,26,17.4,832-0059,福岡,福岡県柳川市下宮永町５２３番地１,33.14246,130.4025
社会保険大牟田天領病院,59,17.15,63,16.57,58,20.8,68,20.1,39,13.3,70,14.4,836-0054,福岡,福岡県大牟田市天領町１丁目１００番地,33.01913,130.4355
健康保険直方中央病院,45,24.31,36,21.78,24,25.8,29,24.3,26,24.5,29,28.2,822-0001,福岡,福岡県直方市大字感田５２３番地５,33.75834,130.73697
飯塚病院,316,19.6,331,25.12,254,24.3,169,24.6,145,24.7,123,14.5,820-8505,福岡,福岡県飯塚市芳雄町３番８３号,33.64195,130.69106
社会保険田川病院,263,19.73,241,19.67,228,21.2,145,19.6,117,20.4,113,21.9,826-0023,福岡,福岡県田川市上本町１０−１８,33.62391,130.79781
福岡新水巻病院,230,14.03,249,13.85,177,14.8,131,13.9,116,16.9,131,14.7,807-0051,福岡,福岡県遠賀郡水巻町立屋敷１丁目２番１号,33.8523,130.68837
国家公務員共済組合連合会新小倉病院,138,27.41,129,22.49,74,20.8,41,25.1,12,33.8,12,24.3,803-0816,福岡,福岡県北九州市小倉北区金田一丁目３−１,33.87899,130.86612
北九州市立医療センター,76,17.78,70,16.66,59,19.0,47,14.6,29,16.0,26,23,802-0077,福岡,福岡県北九州市小倉北区馬借二丁目１番１号,33.87921,130.87869
北九州総合病院,192,21.04,231,21.42,125,23.5,149,20.8,159,20.4,136,21.2,800-0257,福岡,福岡県北九州市小倉南区湯川５丁目１０−１０,33.84507,130.90657
独立行政法人国立病院機構　福岡東医療センター,225,14.91,255,16.7,186,16.7,120,20.1,110,16.1,103,21.8,811-3113,福岡,福岡県古賀市千鳥１丁目１−１,33.74154,130.4734
やよいがおか鹿毛病院,24,14.46,24,10.75,26,16.0,23,11.4,37,16.2,18,11.3,841-0005,佐賀,鳥栖市弥生が丘二丁目１４３番地,33.40511,130.52303
白石共立病院,67,17.6,64,22.47,52,20.5,29,22.6,33,17.1,37,13.1,849-1112,佐賀,杵島郡白石町大字福田１２９６番地,33.18147,130.14061
佐賀県立病院好生館,213,20.49,175,21.69,123,19.6,86,20.4,72,17.8,67,19.3,840-8571,佐賀,佐賀市水ヶ江一丁目１２番９号,33.24781,130.30528
唐津赤十字病院,126,26.19,177,19.51,96,27.6,70,22.8,84,21.2,87,22.8,847-8588,佐賀,唐津市二タ子１丁目５番１号,33.45656,129.95766
社会福祉法人　恩賜財団　済生会唐津病院,66,12.29,56,15.61,44,14.6,28,17.1,29,19.3,21,12.1,847-0852,佐賀,唐津市元旗町８１７番地,33.45348,129.96465
佐賀社会保険病院,21,36.38,24,26.17,25,27.4,13,13.8,13,25.1,17,32.6,849-8522,佐賀,佐賀市兵庫南３丁目８番１号,33.26468,130.31862
聖フランシスコ病院,31,15.9,46,12.46,38,11.3,16,14.2,38,13.3,19,13.3,852-8125,長崎,長崎市小峰町９−２０,32.78348,129.87335
医療法人徳洲会　長崎北徳洲会病院,56,15.98,50,16.34,30,20.7,12,11.7,22,16.9,17,13,852-8061,長崎,長崎市滑石１丁目１２番５号,32.80748,129.84767
医療法人厚生会　虹が丘病院,23,17.04,14,14.29,16,14.3,26,18.5,18,16.6,29,25.2,852-8055,長崎,長崎市虹が丘町１番１号,32.79833,129.84521
医療法人三佼会　宮崎病院,380,23.62,400,25.33,359,22.0,253,22.3,222,25.2,257,30.4,854-0066,長崎,諫早市久山町１５７５−１,32.82876,130.00203
長崎労災病院,234,20.69,187,21.46,148,23.1,131,16.3,111,18.1,89,16.2,857-0134,長崎,佐世保市瀬戸越２丁目１２−５,33.20966,129.7323
長崎市立市民病院,62,20.45,48,18.83,47,22.1,23,17.7,28,19.6,37,21.6,850-0842,長崎,長崎市新地町６−３９,32.74051,129.87425
社会福祉法人　十善会病院,229,17.29,231,15.27,193,16.1,140,16.4,127,16.4,156,18.7,850-0905,長崎,長崎市篭町７−１８,32.74004,129.87653
公立新小浜病院,65,18.28,81,16.51,53,15.4,52,11.1,39,16.1,42,19.2,854-0593,長崎,雲仙市小浜町南本町９３番地,32.72245,130.21198
熊本セントラル病院,78,16.5,62,19.74,48,12.8,41,18.9,26,12.7,22,13.7,869-1235,熊本,菊池郡大津町室９５５,32.87628,130.85367
独立行政法人国立病院機構熊本医療センター,353,16.75,365,16.35,262,16.0,148,13.7,175,14.8,190,14.9,860-0008,熊本,熊本市二の丸１の５,32.8036,130.70172
熊本赤十字病院,471,14.03,478,14.33,363,14.3,270,15.6,238,14.7,186,13.8,861-8520,熊本,熊本市長嶺南２−１−１,32.80716,130.76357
熊本市立熊本市民病院,255,14.84,277,13.54,182,14.7,121,14.9,174,14.1,163,12.8,862-8505,熊本,熊本市湖東１−１−６０,32.78196,130.74556
荒尾市民病院,149,20.83,202,20.06,167,19.3,92,25.5,102,23.4,87,19.4,864-0041,熊本,荒尾市荒尾２６００番地,32.97555,130.44597
健康保険人吉総合病院,189,13.59,175,16.03,131,15.6,93,16.7,83,12.9,88,17.5,868-8555,熊本,人吉市老神町３５,32.2103,130.75818
公立玉名中央病院,73,19.48,87,20.05,64,22.7,46,19.5,50,17.0,72,15.5,865-0064,熊本,玉名市中１９５０,32.93162,130.55
球磨郡公立多良木病院,70,32.44,83,35.2,67,35.2,39,28.5,49,29.5,51,18.5,868-0501,熊本,球磨郡多良木町大字多良木４２１０,32.26488,130.9301
河野脳神経外科病院,326,17.35,303,16.39,225,18.6,145,15.5,172,14.3,153,19.1,870-0127,大分,大分市大字森町字無田々通２５０番７,33.22857,131.68103
大分市医師会立アルメイダ病院,103,23.23,132,28.44,118,29.5,80,33.0,64,35.1,84,32.2,870-1195,大分,大分市大字宮崎１５０９−２,33.19346,131.60847
大分県厚生連鶴見病院,118,19.99,84,19.62,91,24.3,56,18.9,64,22.7,46,22.2,874-0833,大分,別府市大字鶴見４３３３番地,33.29924,131.47714
大分県済生会日田病院,34,18.76,41,22.12,30,17.1,31,18.6,32,15.1,38,19.7,877-1233,大分,日田市大字三和６４３番地の７,33.34509,130.94121
健康保険南海病院,113,22.13,120,22.14,111,20.3,58,20.6,53,15.6,33,17.4,876-0857,大分,佐伯市常盤西町１１番２０号,32.96549,131.90005
高田中央病院,37,18.84,49,21.65,31,25.9,26,11.8,28,23.5,18,13.6,879-0617,大分,豊後高田市新地１１７６番地１,33.55472,131.44002
佐藤第一病院,130,13.98,162,16.17,123,17.5,74,17.7,66,18.4,72,17.8,879-0454,大分,宇佐市大字法鏡寺７７の１,33.52784,131.34502
独立行政法人国立病院機構　別府医療センター,130,22.64,138,24.01,120,25.0,103,19.4,67,21.6,79,16.9,874-0025,大分,別府市大字内竃１４７３番地,33.3316,131.4868
大分赤十字病院,43,22.93,30,24.6,38,20.6,35,19.5,40,20.8,38,19.7,870-0033,大分,大分市千代町３丁目２番３７号,33.24364,131.60454
大分県立病院,120,16.72,139,18.77,93,18.9,54,15.4,61,18.9,68,19.1,870-0855,大分,大分市大字豊饒４７６番地,33.20694,131.59923
県立延岡病院,15,17.13,10,23,20,12.9,16,16.0,144,15.1,172,12.2,882-0835,宮崎,延岡市新小路２丁目１番地１０,32.57032,131.66621
鹿児島市立病院,131,21.77,159,22.14,84,23.4,77,22.1,67,21.3,70,18.8,892-8580,鹿児島,鹿児島市加治屋町２０−１７,31.58465,130.55289
今給黎総合病院,114,20.08,128,22.09,77,28.1,66,22.5,70,22.7,66,23.4,892-0852,鹿児島,鹿児島市下竜尾町４番１６号,31.60315,130.55888
総合病院　鹿児島生協病院,31,11.77,43,10.88,28,12.2,26,14.5,18,16.6,31,19.8,891-0141,鹿児島,鹿児島市谷山中央五丁目２０番１０号,31.51783,130.51373
鹿児島市医師会病院,37,16.89,25,18.2,26,16.2,21,13.3,17,15.4,15,15.9,890-0064,鹿児島,鹿児島市鴨池新町７番１号,31.55957,130.55647
出水郡医師会立　阿久根市民病院,70,14.51,89,14.13,76,14.6,55,16.0,42,15.0,43,12,899-1611,鹿児島,阿久根市赤瀬川４５１３,32.0285,130.19579
出水総合医療センター,116,16.5,135,19.36,100,19.6,74,20.2,54,21.4,90,15.9,899-0131,鹿児島,出水市明神町５２０,32.11724,130.33432
川内市医師会立市民病院,117,19.17,143,18.05,109,16.3,91,16.6,110,15.7,99,17.4,895-0005,鹿児島,薩摩川内市永利町西平４１０７番７,31.79945,130.35194
医療法人おもと会　大浜第一病院,52,11.33,65,13.32,50,15.3,34,22.3,49,27.4,22,13.5,900-0005,沖縄,那覇市天久１０００番地,26.23688,127.68505
宮古島徳洲会病院,31,17.26,51,21.24,36,19.1,37,33.0,21,30.6,19,21.2,906-0014,沖縄,宮古島市平良字松原５５２−１,24.78748,125.2782
沖縄県立中部病院,304,16.09,362,14.57,188,19.0,127,14.3,127,16.3,132,15.5,904-2243,沖縄,うるま市字宮里２８１番地,26.35395,127.83546
沖縄県立宮古病院,115,15.83,111,20.37,97,20.1,55,21.1,64,28.0,40,22.8,906-0006,沖縄,宮古島市平良字東仲宗根８０７,24.80246,125.29102
沖縄県立八重山病院,114,16.37,112,20.24,53,18.4,50,18.1,54,18.7,53,19.7,907-0022,沖縄,石垣市字大川７３２,24.35007,124.16558
沖縄県立北部病院,172,21.63,187,20.72,135,18.4,89,16.8,89,17.2,96,18.4,905-0017,沖縄,名護市大中２−１２−３,26.5923,127.98663
社団法人全国社会保険協会連合会　宇都宮社会保険病院,48,29.27,36,19.47,34,26.5,41,17.1,33,18.8,43,22.1,321-0143,栃木,宇都宮市南高砂町１１−１７,36.48193,139.86986
川崎医療生活協同組合　川崎協同病院,46,11.7,43,10.67,12,12.6,16,18.1,12,12.1,19,11,210-0833,神奈川,川崎市川崎区桜本２−１−５,35.52192,139.72179
医療法人社団恵愛会　大分中村病院,54,12.57,70,15.64,55,14.2,52,15.2,46,14.5,55,24.3,870-0022,大分,大分市大手町３丁目２番４３号,33.2382,131.61356
医療法人秀友会　札幌秀友会病院,118,16.08,129,23.36,100,21.0,71,19.4,86,16.6,86,16.8,006-0805,北海道,札幌市手稲区新発寒５条６丁目２番１号,43.11682,141.26842
医療法人社団函館脳神経外科　函館脳神経外科病院,352,20.04,352,18.32,300,19.3,233,17.3,239,17.1,188,11.3,041-8609,北海道,函館市神山１丁目４番１２号,41.81304,140.76337
岩見沢市立総合病院,104,30.21,112,26.12,100,28.0,77,30.5,67,29.4,114,26.2,068-8555,北海道,岩見沢市９条西７丁目２番地,43.1953,141.76559
黒石市国民健康保険黒石病院,101,24.4,92,24.88,80,25.7,97,21.9,75,26.8,79,24.2,036-0541,青森,黒石市北美町一丁目７０,40.65594,140.60121
国家公務員共済組合連合会　東北公済病院,18,14.56,24,18.29,48,11.2,20,17.3,11,17.2,22,11.3,980-0803,宮城,仙台市青葉区国分町　２ー３ー１１,38.26242,140.86807
医療生協わたり病院,18,14.17,21,13.76,14,46.2,25,24.6,15,26.6,25,19.4,960-8141,福島,福島市渡利字中江町３４,37.74789,140.48267
医療法人昨雲会　飯塚病院附属有隣病院,54,18.57,60,22.32,36,29.8,22,17.8,26,15.8,34,15.8,966-0902,福島,喜多方市松山町村松字北原３６４３ー１,37.67983,139.869
医療法人積仁会　島田総合病院,82,22.2,84,39.48,61,28.4,43,23.5,34,29.0,24,28,288-0053,千葉,銚子市東町５−３,35.73195,140.84175
医療法人財団慈生会　野村病院,54,12.5,55,10.31,25,20.5,23,18.8,20,20.1,15,15.9,181-0013,東京,三鷹市下連雀八丁目３番６号,35.68387,139.56793
三浦市立病院,85,18.53,49,20.96,39,19.2,33,18.7,24,19.1,35,19.1,238-0222,神奈川,三浦市岬陽町４−３３,35.14478,139.62831
福井厚生病院,16,20.44,27,24.33,21,39.1,23,18.6,17,20.4,20,15.8,918-8537,福井,福井市下六条町２０１,36.03677,136.23296
社会福祉法人　京都社会事業財団　西陣病院,64,13.14,66,14.91,53,13.9,51,13.7,46,16.7,35,16.5,602-8319,京都,京都市上京区五辻通六軒町西入溝前町１０３５,35.032521,135.739661
医療法人健康会　総合病院京都南病院,53,31.23,105,30.35,81,27.6,68,23.4,57,21.8,58,15.8,600-8876,京都,京都市下京区西七条南中野町８,34.98894,135.73502
医療法人　邦徳会　邦和病院,46,11.5,44,10.86,41,13.4,17,11.6,10,24.5,19,18.5,599-8232,大阪,堺市中区新家町６９７番１,34.54439,135.51183
医療法人　医仁会　藤本病院,20,6.6,59,6.34,61,7.3,41,7.8,25,15.9,12,19.8,583-0857,大阪,羽曳野市誉田三丁目１５番２７号,34.55776,135.60802
医療法人　大道会　森之宮病院,24,16.75,33,24.73,31,18.7,21,16.3,47,15.2,14,10.1,536-0025,大阪,大阪市城東区森之宮二丁目１番８８号,34.68824,135.53847
医療法人弘善会　矢木脳神経外科病院,428,16.81,373,20.7,254,18.5,174,20.7,153,26.0,88,22.1,537-0011,大阪,大阪市東成区東今里二丁目１２番１３号,34.67801,135.55103
医療法人康雄会　西病院,38,15.42,32,16.56,21,17.9,24,11.5,20,13.3,19,18.7,657-0037,兵庫,神戸市灘区備後町３丁目２−１８,34.71428,135.24028
医療法人社団　光風会　長久病院,157,14.48,176,14.15,88,16.0,88,16.6,89,14.8,106,19.3,671-1125,兵庫,姫路市広畑区長町２丁目１,34.79728,134.63367
医療法人　桂会　平尾病院,45,25.07,39,20.33,37,22.9,28,20.6,25,24.0,17,17.7,634-0076,奈良,橿原市兵部町６−２８,34.50497,135.79243
町立大淀病院,68,17.35,50,20.3,46,19.0,35,22.9,42,23.6,42,23.3,638-0821,奈良,吉野郡大淀町下渕３５３−１,34.38446,135.78261
医療法人誠和会　倉敷紀念病院,32,7.56,24,12.96,33,10.6,24,10.5,15,10.9,12,11.1,710-0803,岡山,倉敷市中島８３１番地,34.57837,133.73921
阿南医師会中央病院,22,20.36,26,20.35,17,19.5,12,24.8,25,18.3,30,9.6,774-0045,徳島,阿南市宝田町川原２番地,33.92393,134.64737
医療法人社団江頭会　さくら病院,37,15.59,56,15.52,38,13.1,28,18.4,31,19.2,34,17.7,814-0142,福岡,福岡県福岡市城南区片江４丁目１６−１５,33.54709,130.37047
医療法人慈風会　厚地脳神経外科病院,385,16.74,362,17.81,257,17.7,212,16.3,234,16.5,202,15.7,892-0842,鹿児島,鹿児島市東千石町４番１３号,31.59147,130.55185
